2026-08-13 05:17:58,261 INFO o.a.j.u.JMeterUtils: Setting Locale to en_EN
2026-08-13 05:17:58,288 INFO o.a.j.JMeter: Loading user properties from: C:\Users\dn156\tools\apache-jmeter-5.6.3\bin\user.properties
2026-08-13 05:17:58,289 INFO o.a.j.JMeter: Loading system properties from: C:\Users\dn156\tools\apache-jmeter-5.6.3\bin\system.properties
2026-08-13 05:17:58,297 INFO o.a.j.JMeter: Copyright (c) 1998-2024 The Apache Software Foundation
2026-08-13 05:17:58,297 INFO o.a.j.JMeter: Version 5.6.3
2026-08-13 05:17:58,298 INFO o.a.j.JMeter: java.version=21.0.8
2026-08-13 05:17:58,298 INFO o.a.j.JMeter: java.vm.name=OpenJDK 64-Bit Server VM
2026-08-13 05:17:58,298 INFO o.a.j.JMeter: os.name=Windows 11
2026-08-13 05:17:58,298 INFO o.a.j.JMeter: os.arch=amd64
2026-08-13 05:17:58,298 INFO o.a.j.JMeter: os.version=10.0
2026-08-13 05:17:58,298 INFO o.a.j.JMeter: file.encoding=UTF-8
2026-08-13 05:17:58,298 INFO o.a.j.JMeter: java.awt.headless=true
2026-08-13 05:17:58,298 INFO o.a.j.JMeter: Max memory     =1073741824
2026-08-13 05:17:58,299 INFO o.a.j.JMeter: Available Processors =20
2026-08-13 05:17:58,315 INFO o.a.j.JMeter: Default Locale=English (EN)
2026-08-13 05:17:58,315 INFO o.a.j.JMeter: JMeter  Locale=English (EN)
2026-08-13 05:17:58,315 INFO o.a.j.JMeter: JMeterHome=C:\Users\dn156\tools\apache-jmeter-5.6.3
2026-08-13 05:17:58,315 INFO o.a.j.JMeter: user.dir  =C:\Users\dn156\source\software-testing\software-testing\hw\hw5\testplans
2026-08-13 05:17:58,316 INFO o.a.j.JMeter: PWD       =C:\Users\dn156\source\software-testing\software-testing\hw\hw5\testplans
2026-08-13 05:17:58,328 INFO o.a.j.JMeter: IP: 172.20.10.4 Name: Tony FullName: Tony
2026-08-13 05:17:58,345 INFO o.a.j.JMeter: Setting property 'jmeter.reportgenerator.outputdir' to:'C:\Users\dn156\source\software-testing\software-testing\hw\hw5\results\endurance\html'
2026-08-13 05:17:58,349 INFO o.a.j.s.FileServer: Default base='C:\Users\dn156\source\software-testing\software-testing\hw\hw5\testplans'
2026-08-13 05:17:58,352 INFO o.a.j.s.FileServer: Set new base='C:\Users\dn156\source\software-testing\software-testing\hw\hw5\testplans'
2026-08-13 05:17:58,634 INFO o.a.j.s.SaveService: Testplan (JMX) version: 2.2. Testlog (JTL) version: 2.2
2026-08-13 05:17:58,693 INFO o.a.j.s.SaveService: Using SaveService properties version 5.0
2026-08-13 05:17:58,697 INFO o.a.j.s.SaveService: Using SaveService properties file encoding UTF-8
2026-08-13 05:17:58,706 INFO o.a.j.s.SaveService: Loading file: 23127334_Endurance_20260811.jmx
2026-08-13 05:17:58,810 INFO o.a.j.p.h.s.HTTPSamplerBase: Parser for text/html is org.apache.jmeter.protocol.http.parser.LagartoBasedHtmlParser
2026-08-13 05:17:58,810 INFO o.a.j.p.h.s.HTTPSamplerBase: Parser for application/xhtml+xml is org.apache.jmeter.protocol.http.parser.LagartoBasedHtmlParser
2026-08-13 05:17:58,810 INFO o.a.j.p.h.s.HTTPSamplerBase: Parser for application/xml is org.apache.jmeter.protocol.http.parser.LagartoBasedHtmlParser
2026-08-13 05:17:58,810 INFO o.a.j.p.h.s.HTTPSamplerBase: Parser for text/xml is org.apache.jmeter.protocol.http.parser.LagartoBasedHtmlParser
2026-08-13 05:17:58,810 INFO o.a.j.p.h.s.HTTPSamplerBase: Parser for text/vnd.wap.wml is org.apache.jmeter.protocol.http.parser.RegexpHTMLParser
2026-08-13 05:17:58,811 INFO o.a.j.p.h.s.HTTPSamplerBase: Parser for text/css is org.apache.jmeter.protocol.http.parser.CssParser
2026-08-13 05:17:58,904 INFO o.a.j.JMeter: Creating summariser <summary>
2026-08-13 05:17:58,921 INFO o.a.j.r.d.ReportGenerator: ReportGenerator will use for Parsing the separator: ','
2026-08-13 05:17:58,922 INFO o.a.j.r.d.ReportGenerator: Will generate report at end of test from  results file: C:/Users/dn156/source/software-testing/software-testing/hw/hw5/results/endurance/Endurance.jtl
2026-08-13 05:17:58,922 INFO o.a.j.r.d.ReportGenerator: Reading report generator properties from: C:\Users\dn156\tools\apache-jmeter-5.6.3\bin\reportgenerator.properties
2026-08-13 05:17:58,923 INFO o.a.j.r.d.ReportGenerator: Merging with JMeter properties
2026-08-13 05:17:58,930 INFO o.a.j.r.c.ReportGeneratorConfiguration: Property 'jmeter.reportgenerator.temp_dir' not found, using default value 'temp' instead.
2026-08-13 05:17:58,932 INFO o.a.j.r.c.ReportGeneratorConfiguration: Property 'jmeter.reportgenerator.apdex_per_transaction' not found, using default value 'null' instead.
2026-08-13 05:17:58,932 INFO o.a.j.r.c.ReportGeneratorConfiguration: apdex_per_transaction is empty, not APDEX per transaction customization
2026-08-13 05:17:58,932 INFO o.a.j.r.c.ReportGeneratorConfiguration: Property 'jmeter.reportgenerator.sample_filter' not found, using default value 'null' instead.
2026-08-13 05:17:58,932 INFO o.a.j.r.c.ReportGeneratorConfiguration: Property 'jmeter.reportgenerator.report_title' not found, using default value 'null' instead.
2026-08-13 05:17:58,932 INFO o.a.j.r.c.ReportGeneratorConfiguration: Property 'jmeter.reportgenerator.start_date' not found, using default value 'null' instead.
2026-08-13 05:17:58,932 INFO o.a.j.r.c.ReportGeneratorConfiguration: Property 'jmeter.reportgenerator.end_date' not found, using default value 'null' instead.
2026-08-13 05:17:58,932 INFO o.a.j.r.c.ReportGeneratorConfiguration: Property 'jmeter.reportgenerator.date_format' not found, using default value 'null' instead.
2026-08-13 05:17:58,933 INFO o.a.j.r.c.ReportGeneratorConfiguration: Will use date range start date: null, end date: null
2026-08-13 05:17:58,938 INFO o.a.j.r.c.ReportGeneratorConfiguration: Property 'jmeter.reportgenerator.graph.totalTPS.exclude_controllers' not found, using default value 'false' instead.
2026-08-13 05:17:58,939 INFO o.a.j.r.c.ReportGeneratorConfiguration: Property 'jmeter.reportgenerator.graph.activeThreadsOverTime.exclude_controllers' not found, using default value 'false' instead.
2026-08-13 05:17:58,939 INFO o.a.j.r.c.ReportGeneratorConfiguration: Property 'jmeter.reportgenerator.graph.timeVsThreads.exclude_controllers' not found, using default value 'false' instead.
2026-08-13 05:17:58,939 INFO o.a.j.r.c.ReportGeneratorConfiguration: Property 'jmeter.reportgenerator.graph.responseTimeDistribution.exclude_controllers' not found, using default value 'false' instead.
2026-08-13 05:17:58,939 INFO o.a.j.r.c.ReportGeneratorConfiguration: Property 'jmeter.reportgenerator.graph.transactionsPerSecond.exclude_controllers' not found, using default value 'false' instead.
2026-08-13 05:17:58,939 INFO o.a.j.r.c.ReportGeneratorConfiguration: Property 'jmeter.reportgenerator.graph.responseTimePercentiles.exclude_controllers' not found, using default value 'false' instead.
2026-08-13 05:17:58,939 INFO o.a.j.r.c.ReportGeneratorConfiguration: Property 'jmeter.reportgenerator.graph.responseTimePercentilesOverTime.exclude_controllers' not found, using default value 'false' instead.
2026-08-13 05:17:58,940 INFO o.a.j.r.c.ReportGeneratorConfiguration: Property 'jmeter.reportgenerator.graph.responseTimesOverTime.exclude_controllers' not found, using default value 'false' instead.
2026-08-13 05:17:58,940 INFO o.a.j.r.c.ReportGeneratorConfiguration: Property 'jmeter.reportgenerator.graph.connectTimeOverTime.exclude_controllers' not found, using default value 'false' instead.
2026-08-13 05:17:58,940 INFO o.a.j.r.c.ReportGeneratorConfiguration: Property 'jmeter.reportgenerator.graph.latenciesOverTime.exclude_controllers' not found, using default value 'false' instead.
2026-08-13 05:17:58,941 INFO o.a.j.r.c.ReportGeneratorConfiguration: Property 'jmeter.reportgenerator.exporter.json.filters_only_sample_series' not found, using default value 'true' instead.
2026-08-13 05:17:58,941 INFO o.a.j.r.c.ReportGeneratorConfiguration: Property 'jmeter.reportgenerator.exporter.json.series_filter' not found, using default value '' instead.
2026-08-13 05:17:58,942 INFO o.a.j.r.c.ReportGeneratorConfiguration: Property 'jmeter.reportgenerator.exporter.json.show_controllers_only' not found, using default value 'false' instead.
2026-08-13 05:17:58,942 INFO o.a.j.r.c.ReportGeneratorConfiguration: Property 'jmeter.reportgenerator.exporter.html.filters_only_sample_series' not found, using default value 'true' instead.
2026-08-13 05:17:58,942 INFO o.a.j.r.c.ReportGeneratorConfiguration: Property 'jmeter.reportgenerator.exporter.html.series_filter' not found, using default value '' instead.
2026-08-13 05:17:58,942 INFO o.a.j.r.c.ReportGeneratorConfiguration: Property 'jmeter.reportgenerator.exporter.html.show_controllers_only' not found, using default value 'false' instead.
2026-08-13 05:17:58,961 INFO o.a.j.e.StandardJMeterEngine: Running the test!
2026-08-13 05:17:58,962 INFO o.a.j.s.SampleEvent: List of sample_variables: []
2026-08-13 05:17:58,962 INFO o.a.j.s.SampleEvent: List of sample_variables: []
2026-08-13 05:17:58,968 INFO o.a.j.e.u.CompoundVariable: Note: Function class names must contain the string: '.functions.'
2026-08-13 05:17:58,968 INFO o.a.j.e.u.CompoundVariable: Note: Function class names must not contain the string: '.gui.'
2026-08-13 05:17:59,405 INFO o.a.j.JMeter: Running test (1786573079405)
2026-08-13 05:17:59,426 INFO o.a.j.e.StandardJMeterEngine: Starting ThreadGroup: 1 : Endurance - 300 VU sustained (no think)
2026-08-13 05:17:59,427 INFO o.a.j.e.StandardJMeterEngine: Starting 300 threads for group Endurance - 300 VU sustained (no think).
2026-08-13 05:17:59,427 INFO o.a.j.e.StandardJMeterEngine: Thread will continue on error
2026-08-13 05:17:59,427 INFO o.a.j.t.ThreadGroup: Starting thread group... number=1 threads=300 ramp-up=60 delayedStart=false
2026-08-13 05:17:59,455 INFO o.a.j.t.JMeterThread: Thread started: Endurance - 300 VU sustained (no think) 1-1
2026-08-13 05:17:59,459 INFO o.a.j.s.FileServer: Stored: ../data/products.csv
2026-08-13 05:17:59,491 INFO o.a.j.s.FileServer: Stored: ../data/users.csv
2026-08-13 05:17:59,649 INFO o.a.j.t.JMeterThread: Thread started: Endurance - 300 VU sustained (no think) 1-2
2026-08-13 05:17:59,859 INFO o.a.j.t.JMeterThread: Thread started: Endurance - 300 VU sustained (no think) 1-3
2026-08-13 05:18:00,058 INFO o.a.j.t.JMeterThread: Thread started: Endurance - 300 VU sustained (no think) 1-4
2026-08-13 05:18:00,264 INFO o.a.j.t.JMeterThread: Thread started: Endurance - 300 VU sustained (no think) 1-5
2026-08-13 05:18:00,458 INFO o.a.j.t.JMeterThread: Thread started: Endurance - 300 VU sustained (no think) 1-6
2026-08-13 05:18:00,556 INFO o.a.j.t.ThreadGroup: Started thread group number 1
2026-08-13 05:18:00,557 INFO o.a.j.e.StandardJMeterEngine: All thread groups have been started
2026-08-13 05:18:00,650 INFO o.a.j.t.JMeterThread: Thread started: Endurance - 300 VU sustained (no think) 1-7
2026-08-13 05:18:00,862 INFO o.a.j.t.JMeterThread: Thread started: Endurance - 300 VU sustained (no think) 1-8
2026-08-13 05:18:01,045 INFO o.a.j.t.JMeterThread: Thread started: Endurance - 300 VU sustained (no think) 1-9
2026-08-13 05:18:01,240 INFO o.a.j.t.JMeterThread: Thread started: Endurance - 300 VU sustained (no think) 1-10
2026-08-13 05:18:01,438 INFO o.a.j.t.JMeterThread: Thread started: Endurance - 300 VU sustained (no think) 1-11
2026-08-13 05:18:01,638 INFO o.a.j.t.JMeterThread: Thread started: Endurance - 300 VU sustained (no think) 1-12
2026-08-13 05:18:01,835 INFO o.a.j.t.JMeterThread: Thread started: Endurance - 300 VU sustained (no think) 1-13
2026-08-13 05:18:02,043 INFO o.a.j.t.JMeterThread: Thread started: Endurance - 300 VU sustained (no think) 1-14
2026-08-13 05:18:02,231 INFO o.a.j.t.JMeterThread: Thread started: Endurance - 300 VU sustained (no think) 1-15
2026-08-13 05:18:02,439 INFO o.a.j.t.JMeterThread: Thread started: Endurance - 300 VU sustained (no think) 1-16
2026-08-13 05:18:02,632 INFO o.a.j.t.JMeterThread: Thread started: Endurance - 300 VU sustained (no think) 1-17
2026-08-13 05:18:02,834 INFO o.a.j.t.JMeterThread: Thread started: Endurance - 300 VU sustained (no think) 1-18
2026-08-13 05:18:03,046 INFO o.a.j.t.JMeterThread: Thread started: Endurance - 300 VU sustained (no think) 1-19
2026-08-13 05:18:03,131 INFO o.a.j.p.h.s.HTTPHCAbstractImpl: Local host = Tony
2026-08-13 05:18:03,161 INFO o.a.j.p.h.s.HTTPHC4Impl: HTTP request retry count = 0
2026-08-13 05:18:03,170 INFO o.a.j.s.SampleResult: Note: Sample TimeStamps are START times
2026-08-13 05:18:03,170 INFO o.a.j.s.SampleResult: sampleresult.default.encoding is set to UTF-8
2026-08-13 05:18:03,171 INFO o.a.j.s.SampleResult: sampleresult.useNanoTime=true
2026-08-13 05:18:03,174 INFO o.a.j.s.SampleResult: sampleresult.nanoThreadSleep=5000
2026-08-13 05:18:03,238 INFO o.a.j.t.JMeterThread: Thread started: Endurance - 300 VU sustained (no think) 1-20
2026-08-13 05:18:03,441 INFO o.a.j.t.JMeterThread: Thread started: Endurance - 300 VU sustained (no think) 1-21
2026-08-13 05:18:03,640 INFO o.a.j.t.JMeterThread: Thread started: Endurance - 300 VU sustained (no think) 1-22
2026-08-13 05:18:03,739 INFO o.a.j.r.Summariser: summary +      1 in 00:00:04 =    0.2/s Avg:   169 Min:   169 Max:   169 Err:     0 (0.00%) Active: 22 Started: 22 Finished: 0
2026-08-13 05:18:03,841 INFO o.a.j.t.JMeterThread: Thread started: Endurance - 300 VU sustained (no think) 1-23
2026-08-13 05:18:04,040 INFO o.a.j.t.JMeterThread: Thread started: Endurance - 300 VU sustained (no think) 1-24
2026-08-13 05:18:04,238 INFO o.a.j.t.JMeterThread: Thread started: Endurance - 300 VU sustained (no think) 1-25
2026-08-13 05:18:04,446 INFO o.a.j.u.JsseSSLManager: Using default SSL protocol: TLS
2026-08-13 05:18:04,447 INFO o.a.j.u.JsseSSLManager: SSL session context: per-thread
2026-08-13 05:18:04,447 INFO o.a.j.t.JMeterThread: Thread started: Endurance - 300 VU sustained (no think) 1-26
2026-08-13 05:18:04,645 INFO o.a.j.t.JMeterThread: Thread started: Endurance - 300 VU sustained (no think) 1-27
2026-08-13 05:18:04,850 INFO o.a.j.t.JMeterThread: Thread started: Endurance - 300 VU sustained (no think) 1-28
2026-08-13 05:18:05,033 INFO o.a.j.t.JMeterThread: Thread started: Endurance - 300 VU sustained (no think) 1-29
2026-08-13 05:18:05,235 INFO o.a.j.t.JMeterThread: Thread started: Endurance - 300 VU sustained (no think) 1-30
2026-08-13 05:18:05,437 INFO o.a.j.t.JMeterThread: Thread started: Endurance - 300 VU sustained (no think) 1-31
2026-08-13 05:18:05,638 INFO o.a.j.t.JMeterThread: Thread started: Endurance - 300 VU sustained (no think) 1-32
2026-08-13 05:18:05,841 INFO o.a.j.t.JMeterThread: Thread started: Endurance - 300 VU sustained (no think) 1-33
2026-08-13 05:18:06,041 INFO o.a.j.t.JMeterThread: Thread started: Endurance - 300 VU sustained (no think) 1-34
2026-08-13 05:18:06,231 INFO o.a.j.t.JMeterThread: Thread started: Endurance - 300 VU sustained (no think) 1-35
2026-08-13 05:18:06,440 INFO o.a.j.t.JMeterThread: Thread started: Endurance - 300 VU sustained (no think) 1-36
2026-08-13 05:18:06,646 INFO o.a.j.t.JMeterThread: Thread started: Endurance - 300 VU sustained (no think) 1-37
2026-08-13 05:18:06,840 INFO o.a.j.t.JMeterThread: Thread started: Endurance - 300 VU sustained (no think) 1-38
2026-08-13 05:18:07,038 INFO o.a.j.t.JMeterThread: Thread started: Endurance - 300 VU sustained (no think) 1-39
2026-08-13 05:18:07,238 INFO o.a.j.t.JMeterThread: Thread started: Endurance - 300 VU sustained (no think) 1-40
2026-08-13 05:18:07,446 INFO o.a.j.t.JMeterThread: Thread started: Endurance - 300 VU sustained (no think) 1-41
2026-08-13 05:18:07,636 INFO o.a.j.t.JMeterThread: Thread started: Endurance - 300 VU sustained (no think) 1-42
2026-08-13 05:18:07,834 INFO o.a.j.t.JMeterThread: Thread started: Endurance - 300 VU sustained (no think) 1-43
2026-08-13 05:18:08,040 INFO o.a.j.t.JMeterThread: Thread started: Endurance - 300 VU sustained (no think) 1-44
2026-08-13 05:18:08,237 INFO o.a.j.t.JMeterThread: Thread started: Endurance - 300 VU sustained (no think) 1-45
2026-08-13 05:18:08,438 INFO o.a.j.t.JMeterThread: Thread started: Endurance - 300 VU sustained (no think) 1-46
2026-08-13 05:18:08,639 INFO o.a.j.t.JMeterThread: Thread started: Endurance - 300 VU sustained (no think) 1-47
2026-08-13 05:18:08,839 INFO o.a.j.t.JMeterThread: Thread started: Endurance - 300 VU sustained (no think) 1-48
2026-08-13 05:18:09,035 INFO o.a.j.t.JMeterThread: Thread started: Endurance - 300 VU sustained (no think) 1-49
2026-08-13 05:18:09,247 INFO o.a.j.t.JMeterThread: Thread started: Endurance - 300 VU sustained (no think) 1-50
2026-08-13 05:18:09,440 INFO o.a.j.t.JMeterThread: Thread started: Endurance - 300 VU sustained (no think) 1-51
2026-08-13 05:18:09,638 INFO o.a.j.t.JMeterThread: Thread started: Endurance - 300 VU sustained (no think) 1-52
2026-08-13 05:18:09,834 INFO o.a.j.t.JMeterThread: Thread started: Endurance - 300 VU sustained (no think) 1-53
2026-08-13 05:18:10,032 INFO o.a.j.t.JMeterThread: Thread started: Endurance - 300 VU sustained (no think) 1-54
2026-08-13 05:18:10,240 INFO o.a.j.t.JMeterThread: Thread started: Endurance - 300 VU sustained (no think) 1-55
2026-08-13 05:18:10,436 INFO o.a.j.t.JMeterThread: Thread started: Endurance - 300 VU sustained (no think) 1-56
2026-08-13 05:18:10,644 INFO o.a.j.t.JMeterThread: Thread started: Endurance - 300 VU sustained (no think) 1-57
2026-08-13 05:18:10,847 INFO o.a.j.t.JMeterThread: Thread started: Endurance - 300 VU sustained (no think) 1-58
2026-08-13 05:18:11,035 INFO o.a.j.t.JMeterThread: Thread started: Endurance - 300 VU sustained (no think) 1-59
2026-08-13 05:18:11,229 INFO o.a.j.t.JMeterThread: Thread started: Endurance - 300 VU sustained (no think) 1-60
2026-08-13 05:18:11,444 INFO o.a.j.t.JMeterThread: Thread started: Endurance - 300 VU sustained (no think) 1-61
2026-08-13 05:18:11,637 INFO o.a.j.t.JMeterThread: Thread started: Endurance - 300 VU sustained (no think) 1-62
2026-08-13 05:18:11,835 INFO o.a.j.t.JMeterThread: Thread started: Endurance - 300 VU sustained (no think) 1-63
2026-08-13 05:18:12,033 INFO o.a.j.t.JMeterThread: Thread started: Endurance - 300 VU sustained (no think) 1-64
2026-08-13 05:18:12,234 INFO o.a.j.t.JMeterThread: Thread started: Endurance - 300 VU sustained (no think) 1-65
2026-08-13 05:18:12,434 INFO o.a.j.t.JMeterThread: Thread started: Endurance - 300 VU sustained (no think) 1-66
2026-08-13 05:18:12,633 INFO o.a.j.t.JMeterThread: Thread started: Endurance - 300 VU sustained (no think) 1-67
2026-08-13 05:18:12,833 INFO o.a.j.t.JMeterThread: Thread started: Endurance - 300 VU sustained (no think) 1-68
2026-08-13 05:18:13,036 INFO o.a.j.t.JMeterThread: Thread started: Endurance - 300 VU sustained (no think) 1-69
2026-08-13 05:18:13,241 INFO o.a.j.t.JMeterThread: Thread started: Endurance - 300 VU sustained (no think) 1-70
2026-08-13 05:18:13,441 INFO o.a.j.t.JMeterThread: Thread started: Endurance - 300 VU sustained (no think) 1-71
2026-08-13 05:18:13,644 INFO o.a.j.t.JMeterThread: Thread started: Endurance - 300 VU sustained (no think) 1-72
2026-08-13 05:18:13,842 INFO o.a.j.t.JMeterThread: Thread started: Endurance - 300 VU sustained (no think) 1-73
2026-08-13 05:18:14,036 INFO o.a.j.t.JMeterThread: Thread started: Endurance - 300 VU sustained (no think) 1-74
2026-08-13 05:18:14,235 INFO o.a.j.t.JMeterThread: Thread started: Endurance - 300 VU sustained (no think) 1-75
2026-08-13 05:18:14,436 INFO o.a.j.t.JMeterThread: Thread started: Endurance - 300 VU sustained (no think) 1-76
2026-08-13 05:18:14,642 INFO o.a.j.t.JMeterThread: Thread started: Endurance - 300 VU sustained (no think) 1-77
2026-08-13 05:18:14,836 INFO o.a.j.t.JMeterThread: Thread started: Endurance - 300 VU sustained (no think) 1-78
2026-08-13 05:18:15,039 INFO o.a.j.t.JMeterThread: Thread started: Endurance - 300 VU sustained (no think) 1-79
2026-08-13 05:18:15,233 INFO o.a.j.t.JMeterThread: Thread started: Endurance - 300 VU sustained (no think) 1-80
2026-08-13 05:18:15,443 INFO o.a.j.t.JMeterThread: Thread started: Endurance - 300 VU sustained (no think) 1-81
2026-08-13 05:18:15,639 INFO o.a.j.t.JMeterThread: Thread started: Endurance - 300 VU sustained (no think) 1-82
2026-08-13 05:18:15,829 INFO o.a.j.t.JMeterThread: Thread started: Endurance - 300 VU sustained (no think) 1-83
2026-08-13 05:18:16,037 INFO o.a.j.t.JMeterThread: Thread started: Endurance - 300 VU sustained (no think) 1-84
2026-08-13 05:18:16,237 INFO o.a.j.t.JMeterThread: Thread started: Endurance - 300 VU sustained (no think) 1-85
2026-08-13 05:18:16,439 INFO o.a.j.t.JMeterThread: Thread started: Endurance - 300 VU sustained (no think) 1-86
2026-08-13 05:18:16,639 INFO o.a.j.t.JMeterThread: Thread started: Endurance - 300 VU sustained (no think) 1-87
2026-08-13 05:18:16,834 INFO o.a.j.t.JMeterThread: Thread started: Endurance - 300 VU sustained (no think) 1-88
2026-08-13 05:18:17,032 INFO o.a.j.t.JMeterThread: Thread started: Endurance - 300 VU sustained (no think) 1-89
2026-08-13 05:18:17,233 INFO o.a.j.t.JMeterThread: Thread started: Endurance - 300 VU sustained (no think) 1-90
2026-08-13 05:18:17,436 INFO o.a.j.t.JMeterThread: Thread started: Endurance - 300 VU sustained (no think) 1-91
2026-08-13 05:18:17,638 INFO o.a.j.t.JMeterThread: Thread started: Endurance - 300 VU sustained (no think) 1-92
2026-08-13 05:18:17,839 INFO o.a.j.t.JMeterThread: Thread started: Endurance - 300 VU sustained (no think) 1-93
2026-08-13 05:18:18,039 INFO o.a.j.t.JMeterThread: Thread started: Endurance - 300 VU sustained (no think) 1-94
2026-08-13 05:18:18,236 INFO o.a.j.t.JMeterThread: Thread started: Endurance - 300 VU sustained (no think) 1-95
2026-08-13 05:18:18,430 INFO o.a.j.t.JMeterThread: Thread started: Endurance - 300 VU sustained (no think) 1-96
2026-08-13 05:18:18,631 INFO o.a.j.t.JMeterThread: Thread started: Endurance - 300 VU sustained (no think) 1-97
2026-08-13 05:18:18,836 INFO o.a.j.t.JMeterThread: Thread started: Endurance - 300 VU sustained (no think) 1-98
2026-08-13 05:18:19,033 INFO o.a.j.t.JMeterThread: Thread started: Endurance - 300 VU sustained (no think) 1-99
2026-08-13 05:18:19,234 INFO o.a.j.t.JMeterThread: Thread started: Endurance - 300 VU sustained (no think) 1-100
2026-08-13 05:18:19,438 INFO o.a.j.t.JMeterThread: Thread started: Endurance - 300 VU sustained (no think) 1-101
2026-08-13 05:18:19,641 INFO o.a.j.t.JMeterThread: Thread started: Endurance - 300 VU sustained (no think) 1-102
2026-08-13 05:18:19,843 INFO o.a.j.t.JMeterThread: Thread started: Endurance - 300 VU sustained (no think) 1-103
2026-08-13 05:18:20,037 INFO o.a.j.t.JMeterThread: Thread started: Endurance - 300 VU sustained (no think) 1-104
2026-08-13 05:18:20,232 INFO o.a.j.t.JMeterThread: Thread started: Endurance - 300 VU sustained (no think) 1-105
2026-08-13 05:18:20,436 INFO o.a.j.t.JMeterThread: Thread started: Endurance - 300 VU sustained (no think) 1-106
2026-08-13 05:18:20,642 INFO o.a.j.t.JMeterThread: Thread started: Endurance - 300 VU sustained (no think) 1-107
2026-08-13 05:18:20,841 INFO o.a.j.t.JMeterThread: Thread started: Endurance - 300 VU sustained (no think) 1-108
2026-08-13 05:18:21,031 INFO o.a.j.t.JMeterThread: Thread started: Endurance - 300 VU sustained (no think) 1-109
2026-08-13 05:18:21,237 INFO o.a.j.t.JMeterThread: Thread started: Endurance - 300 VU sustained (no think) 1-110
2026-08-13 05:18:21,439 INFO o.a.j.t.JMeterThread: Thread started: Endurance - 300 VU sustained (no think) 1-111
2026-08-13 05:18:21,635 INFO o.a.j.t.JMeterThread: Thread started: Endurance - 300 VU sustained (no think) 1-112
2026-08-13 05:18:21,839 INFO o.a.j.t.JMeterThread: Thread started: Endurance - 300 VU sustained (no think) 1-113
2026-08-13 05:18:22,029 INFO o.a.j.t.JMeterThread: Thread started: Endurance - 300 VU sustained (no think) 1-114
2026-08-13 05:18:22,232 INFO o.a.j.t.JMeterThread: Thread started: Endurance - 300 VU sustained (no think) 1-115
2026-08-13 05:18:22,436 INFO o.a.j.t.JMeterThread: Thread started: Endurance - 300 VU sustained (no think) 1-116
2026-08-13 05:18:22,634 INFO o.a.j.t.JMeterThread: Thread started: Endurance - 300 VU sustained (no think) 1-117
2026-08-13 05:18:22,831 INFO o.a.j.t.JMeterThread: Thread started: Endurance - 300 VU sustained (no think) 1-118
2026-08-13 05:18:23,032 INFO o.a.j.t.JMeterThread: Thread started: Endurance - 300 VU sustained (no think) 1-119
2026-08-13 05:18:23,233 INFO o.a.j.t.JMeterThread: Thread started: Endurance - 300 VU sustained (no think) 1-120
2026-08-13 05:18:23,439 INFO o.a.j.t.JMeterThread: Thread started: Endurance - 300 VU sustained (no think) 1-121
2026-08-13 05:18:23,642 INFO o.a.j.t.JMeterThread: Thread started: Endurance - 300 VU sustained (no think) 1-122
2026-08-13 05:18:23,843 INFO o.a.j.t.JMeterThread: Thread started: Endurance - 300 VU sustained (no think) 1-123
2026-08-13 05:18:24,046 INFO o.a.j.t.JMeterThread: Thread started: Endurance - 300 VU sustained (no think) 1-124
2026-08-13 05:18:24,232 INFO o.a.j.t.JMeterThread: Thread started: Endurance - 300 VU sustained (no think) 1-125
2026-08-13 05:18:24,439 INFO o.a.j.t.JMeterThread: Thread started: Endurance - 300 VU sustained (no think) 1-126
2026-08-13 05:18:24,635 INFO o.a.j.t.JMeterThread: Thread started: Endurance - 300 VU sustained (no think) 1-127
2026-08-13 05:18:24,835 INFO o.a.j.t.JMeterThread: Thread started: Endurance - 300 VU sustained (no think) 1-128
2026-08-13 05:18:25,032 INFO o.a.j.t.JMeterThread: Thread started: Endurance - 300 VU sustained (no think) 1-129
2026-08-13 05:18:25,233 INFO o.a.j.t.JMeterThread: Thread started: Endurance - 300 VU sustained (no think) 1-130
2026-08-13 05:18:25,438 INFO o.a.j.t.JMeterThread: Thread started: Endurance - 300 VU sustained (no think) 1-131
2026-08-13 05:18:25,637 INFO o.a.j.t.JMeterThread: Thread started: Endurance - 300 VU sustained (no think) 1-132
2026-08-13 05:18:25,833 INFO o.a.j.t.JMeterThread: Thread started: Endurance - 300 VU sustained (no think) 1-133
2026-08-13 05:18:26,036 INFO o.a.j.t.JMeterThread: Thread started: Endurance - 300 VU sustained (no think) 1-134
2026-08-13 05:18:26,238 INFO o.a.j.t.JMeterThread: Thread started: Endurance - 300 VU sustained (no think) 1-135
2026-08-13 05:18:26,443 INFO o.a.j.t.JMeterThread: Thread started: Endurance - 300 VU sustained (no think) 1-136
2026-08-13 05:18:26,637 INFO o.a.j.t.JMeterThread: Thread started: Endurance - 300 VU sustained (no think) 1-137
2026-08-13 05:18:26,834 INFO o.a.j.t.JMeterThread: Thread started: Endurance - 300 VU sustained (no think) 1-138
2026-08-13 05:18:27,029 INFO o.a.j.t.JMeterThread: Thread started: Endurance - 300 VU sustained (no think) 1-139
2026-08-13 05:18:27,230 INFO o.a.j.t.JMeterThread: Thread started: Endurance - 300 VU sustained (no think) 1-140
2026-08-13 05:18:27,440 INFO o.a.j.t.JMeterThread: Thread started: Endurance - 300 VU sustained (no think) 1-141
2026-08-13 05:18:27,638 INFO o.a.j.t.JMeterThread: Thread started: Endurance - 300 VU sustained (no think) 1-142
2026-08-13 05:18:27,841 INFO o.a.j.t.JMeterThread: Thread started: Endurance - 300 VU sustained (no think) 1-143
2026-08-13 05:18:28,044 INFO o.a.j.t.JMeterThread: Thread started: Endurance - 300 VU sustained (no think) 1-144
2026-08-13 05:18:28,230 INFO o.a.j.t.JMeterThread: Thread started: Endurance - 300 VU sustained (no think) 1-145
2026-08-13 05:18:28,432 INFO o.a.j.t.JMeterThread: Thread started: Endurance - 300 VU sustained (no think) 1-146
2026-08-13 05:18:28,641 INFO o.a.j.t.JMeterThread: Thread started: Endurance - 300 VU sustained (no think) 1-147
2026-08-13 05:18:28,833 INFO o.a.j.t.JMeterThread: Thread started: Endurance - 300 VU sustained (no think) 1-148
2026-08-13 05:18:29,034 INFO o.a.j.t.JMeterThread: Thread started: Endurance - 300 VU sustained (no think) 1-149
2026-08-13 05:18:29,235 INFO o.a.j.t.JMeterThread: Thread started: Endurance - 300 VU sustained (no think) 1-150
2026-08-13 05:18:29,435 INFO o.a.j.t.JMeterThread: Thread started: Endurance - 300 VU sustained (no think) 1-151
2026-08-13 05:18:29,638 INFO o.a.j.t.JMeterThread: Thread started: Endurance - 300 VU sustained (no think) 1-152
2026-08-13 05:18:29,830 INFO o.a.j.t.JMeterThread: Thread started: Endurance - 300 VU sustained (no think) 1-153
2026-08-13 05:18:30,036 INFO o.a.j.t.JMeterThread: Thread started: Endurance - 300 VU sustained (no think) 1-154
2026-08-13 05:18:30,110 INFO o.a.j.r.Summariser: summary +   5525 in 00:00:26 =  209.5/s Avg:   402 Min:     2 Max:  1246 Err:     0 (0.00%) Active: 154 Started: 154 Finished: 0
2026-08-13 05:18:30,111 INFO o.a.j.r.Summariser: summary =   5526 in 00:00:31 =  180.0/s Avg:   402 Min:     2 Max:  1246 Err:     0 (0.00%)
2026-08-13 05:18:30,239 INFO o.a.j.t.JMeterThread: Thread started: Endurance - 300 VU sustained (no think) 1-155
2026-08-13 05:18:30,444 INFO o.a.j.t.JMeterThread: Thread started: Endurance - 300 VU sustained (no think) 1-156
2026-08-13 05:18:30,633 INFO o.a.j.t.JMeterThread: Thread started: Endurance - 300 VU sustained (no think) 1-157
2026-08-13 05:18:30,833 INFO o.a.j.t.JMeterThread: Thread started: Endurance - 300 VU sustained (no think) 1-158
2026-08-13 05:18:31,028 INFO o.a.j.t.JMeterThread: Thread started: Endurance - 300 VU sustained (no think) 1-159
2026-08-13 05:18:31,230 INFO o.a.j.t.JMeterThread: Thread started: Endurance - 300 VU sustained (no think) 1-160
2026-08-13 05:18:31,429 INFO o.a.j.t.JMeterThread: Thread started: Endurance - 300 VU sustained (no think) 1-161
2026-08-13 05:18:31,630 INFO o.a.j.t.JMeterThread: Thread started: Endurance - 300 VU sustained (no think) 1-162
2026-08-13 05:18:31,830 INFO o.a.j.t.JMeterThread: Thread started: Endurance - 300 VU sustained (no think) 1-163
2026-08-13 05:18:32,029 INFO o.a.j.t.JMeterThread: Thread started: Endurance - 300 VU sustained (no think) 1-164
2026-08-13 05:18:32,230 INFO o.a.j.t.JMeterThread: Thread started: Endurance - 300 VU sustained (no think) 1-165
2026-08-13 05:18:32,429 INFO o.a.j.t.JMeterThread: Thread started: Endurance - 300 VU sustained (no think) 1-166
2026-08-13 05:18:32,629 INFO o.a.j.t.JMeterThread: Thread started: Endurance - 300 VU sustained (no think) 1-167
2026-08-13 05:18:32,832 INFO o.a.j.t.JMeterThread: Thread started: Endurance - 300 VU sustained (no think) 1-168
2026-08-13 05:18:33,029 INFO o.a.j.t.JMeterThread: Thread started: Endurance - 300 VU sustained (no think) 1-169
2026-08-13 05:18:33,230 INFO o.a.j.t.JMeterThread: Thread started: Endurance - 300 VU sustained (no think) 1-170
2026-08-13 05:18:33,429 INFO o.a.j.t.JMeterThread: Thread started: Endurance - 300 VU sustained (no think) 1-171
2026-08-13 05:18:33,629 INFO o.a.j.t.JMeterThread: Thread started: Endurance - 300 VU sustained (no think) 1-172
2026-08-13 05:18:33,831 INFO o.a.j.t.JMeterThread: Thread started: Endurance - 300 VU sustained (no think) 1-173
2026-08-13 05:18:34,045 INFO o.a.j.t.JMeterThread: Thread started: Endurance - 300 VU sustained (no think) 1-174
2026-08-13 05:18:34,231 INFO o.a.j.t.JMeterThread: Thread started: Endurance - 300 VU sustained (no think) 1-175
2026-08-13 05:18:34,439 INFO o.a.j.t.JMeterThread: Thread started: Endurance - 300 VU sustained (no think) 1-176
2026-08-13 05:18:34,637 INFO o.a.j.t.JMeterThread: Thread started: Endurance - 300 VU sustained (no think) 1-177
2026-08-13 05:18:34,840 INFO o.a.j.t.JMeterThread: Thread started: Endurance - 300 VU sustained (no think) 1-178
2026-08-13 05:18:35,045 INFO o.a.j.t.JMeterThread: Thread started: Endurance - 300 VU sustained (no think) 1-179
2026-08-13 05:18:35,236 INFO o.a.j.t.JMeterThread: Thread started: Endurance - 300 VU sustained (no think) 1-180
2026-08-13 05:18:35,446 INFO o.a.j.t.JMeterThread: Thread started: Endurance - 300 VU sustained (no think) 1-181
2026-08-13 05:18:35,632 INFO o.a.j.t.JMeterThread: Thread started: Endurance - 300 VU sustained (no think) 1-182
2026-08-13 05:18:35,838 INFO o.a.j.t.JMeterThread: Thread started: Endurance - 300 VU sustained (no think) 1-183
2026-08-13 05:18:36,054 INFO o.a.j.t.JMeterThread: Thread started: Endurance - 300 VU sustained (no think) 1-184
2026-08-13 05:18:36,255 INFO o.a.j.t.JMeterThread: Thread started: Endurance - 300 VU sustained (no think) 1-185
2026-08-13 05:18:36,450 INFO o.a.j.t.JMeterThread: Thread started: Endurance - 300 VU sustained (no think) 1-186
2026-08-13 05:18:36,642 INFO o.a.j.t.JMeterThread: Thread started: Endurance - 300 VU sustained (no think) 1-187
2026-08-13 05:18:36,840 INFO o.a.j.t.JMeterThread: Thread started: Endurance - 300 VU sustained (no think) 1-188
2026-08-13 05:18:37,039 INFO o.a.j.t.JMeterThread: Thread started: Endurance - 300 VU sustained (no think) 1-189
2026-08-13 05:18:37,247 INFO o.a.j.t.JMeterThread: Thread started: Endurance - 300 VU sustained (no think) 1-190
2026-08-13 05:18:37,446 INFO o.a.j.t.JMeterThread: Thread started: Endurance - 300 VU sustained (no think) 1-191
2026-08-13 05:18:37,645 INFO o.a.j.t.JMeterThread: Thread started: Endurance - 300 VU sustained (no think) 1-192
2026-08-13 05:18:37,851 INFO o.a.j.t.JMeterThread: Thread started: Endurance - 300 VU sustained (no think) 1-193
2026-08-13 05:18:38,033 INFO o.a.j.t.JMeterThread: Thread started: Endurance - 300 VU sustained (no think) 1-194
2026-08-13 05:18:38,245 INFO o.a.j.t.JMeterThread: Thread started: Endurance - 300 VU sustained (no think) 1-195
2026-08-13 05:18:38,508 INFO o.a.j.t.JMeterThread: Thread started: Endurance - 300 VU sustained (no think) 1-196
2026-08-13 05:18:38,833 INFO o.a.j.t.JMeterThread: Thread started: Endurance - 300 VU sustained (no think) 1-197
2026-08-13 05:18:38,921 INFO o.a.j.t.JMeterThread: Thread started: Endurance - 300 VU sustained (no think) 1-198
2026-08-13 05:18:39,105 INFO o.a.j.t.JMeterThread: Thread started: Endurance - 300 VU sustained (no think) 1-199
2026-08-13 05:18:39,289 INFO o.a.j.t.JMeterThread: Thread started: Endurance - 300 VU sustained (no think) 1-200
2026-08-13 05:18:39,520 INFO o.a.j.t.JMeterThread: Thread started: Endurance - 300 VU sustained (no think) 1-201
2026-08-13 05:18:39,722 INFO o.a.j.t.JMeterThread: Thread started: Endurance - 300 VU sustained (no think) 1-202
2026-08-13 05:18:39,916 INFO o.a.j.t.JMeterThread: Thread started: Endurance - 300 VU sustained (no think) 1-203
2026-08-13 05:18:40,112 INFO o.a.j.t.JMeterThread: Thread started: Endurance - 300 VU sustained (no think) 1-204
2026-08-13 05:18:40,319 INFO o.a.j.t.JMeterThread: Thread started: Endurance - 300 VU sustained (no think) 1-205
2026-08-13 05:18:40,515 INFO o.a.j.t.JMeterThread: Thread started: Endurance - 300 VU sustained (no think) 1-206
2026-08-13 05:18:40,718 INFO o.a.j.t.JMeterThread: Thread started: Endurance - 300 VU sustained (no think) 1-207
2026-08-13 05:18:40,914 INFO o.a.j.t.JMeterThread: Thread started: Endurance - 300 VU sustained (no think) 1-208
2026-08-13 05:18:41,135 INFO o.a.j.t.JMeterThread: Thread started: Endurance - 300 VU sustained (no think) 1-209
2026-08-13 05:18:41,333 INFO o.a.j.t.JMeterThread: Thread started: Endurance - 300 VU sustained (no think) 1-210
2026-08-13 05:18:41,559 INFO o.a.j.t.JMeterThread: Thread started: Endurance - 300 VU sustained (no think) 1-211
2026-08-13 05:18:41,752 INFO o.a.j.t.JMeterThread: Thread started: Endurance - 300 VU sustained (no think) 1-212
2026-08-13 05:18:41,958 INFO o.a.j.t.JMeterThread: Thread started: Endurance - 300 VU sustained (no think) 1-213
2026-08-13 05:18:42,151 INFO o.a.j.t.JMeterThread: Thread started: Endurance - 300 VU sustained (no think) 1-214
2026-08-13 05:18:42,360 INFO o.a.j.t.JMeterThread: Thread started: Endurance - 300 VU sustained (no think) 1-215
2026-08-13 05:18:42,503 INFO o.a.j.t.JMeterThread: Thread started: Endurance - 300 VU sustained (no think) 1-216
2026-08-13 05:18:42,679 INFO o.a.j.t.JMeterThread: Thread started: Endurance - 300 VU sustained (no think) 1-217
2026-08-13 05:18:42,864 INFO o.a.j.t.JMeterThread: Thread started: Endurance - 300 VU sustained (no think) 1-218
2026-08-13 05:18:43,050 INFO o.a.j.t.JMeterThread: Thread started: Endurance - 300 VU sustained (no think) 1-219
2026-08-13 05:18:43,265 INFO o.a.j.t.JMeterThread: Thread started: Endurance - 300 VU sustained (no think) 1-220
2026-08-13 05:18:43,452 INFO o.a.j.t.JMeterThread: Thread started: Endurance - 300 VU sustained (no think) 1-221
2026-08-13 05:18:43,641 INFO o.a.j.t.JMeterThread: Thread started: Endurance - 300 VU sustained (no think) 1-222
2026-08-13 05:18:43,842 INFO o.a.j.t.JMeterThread: Thread started: Endurance - 300 VU sustained (no think) 1-223
2026-08-13 05:18:44,044 INFO o.a.j.t.JMeterThread: Thread started: Endurance - 300 VU sustained (no think) 1-224
2026-08-13 05:18:44,262 INFO o.a.j.t.JMeterThread: Thread started: Endurance - 300 VU sustained (no think) 1-225
2026-08-13 05:18:44,465 INFO o.a.j.t.JMeterThread: Thread started: Endurance - 300 VU sustained (no think) 1-226
2026-08-13 05:18:44,655 INFO o.a.j.t.JMeterThread: Thread started: Endurance - 300 VU sustained (no think) 1-227
2026-08-13 05:18:44,865 INFO o.a.j.t.JMeterThread: Thread started: Endurance - 300 VU sustained (no think) 1-228
2026-08-13 05:18:45,053 INFO o.a.j.t.JMeterThread: Thread started: Endurance - 300 VU sustained (no think) 1-229
2026-08-13 05:18:45,247 INFO o.a.j.t.JMeterThread: Thread started: Endurance - 300 VU sustained (no think) 1-230
2026-08-13 05:18:45,451 INFO o.a.j.t.JMeterThread: Thread started: Endurance - 300 VU sustained (no think) 1-231
2026-08-13 05:18:45,653 INFO o.a.j.t.JMeterThread: Thread started: Endurance - 300 VU sustained (no think) 1-232
2026-08-13 05:18:45,853 INFO o.a.j.t.JMeterThread: Thread started: Endurance - 300 VU sustained (no think) 1-233
2026-08-13 05:18:46,056 INFO o.a.j.t.JMeterThread: Thread started: Endurance - 300 VU sustained (no think) 1-234
2026-08-13 05:18:46,244 INFO o.a.j.t.JMeterThread: Thread started: Endurance - 300 VU sustained (no think) 1-235
2026-08-13 05:18:46,448 INFO o.a.j.t.JMeterThread: Thread started: Endurance - 300 VU sustained (no think) 1-236
2026-08-13 05:18:46,653 INFO o.a.j.t.JMeterThread: Thread started: Endurance - 300 VU sustained (no think) 1-237
2026-08-13 05:18:46,857 INFO o.a.j.t.JMeterThread: Thread started: Endurance - 300 VU sustained (no think) 1-238
2026-08-13 05:18:47,044 INFO o.a.j.t.JMeterThread: Thread started: Endurance - 300 VU sustained (no think) 1-239
2026-08-13 05:18:47,247 INFO o.a.j.t.JMeterThread: Thread started: Endurance - 300 VU sustained (no think) 1-240
2026-08-13 05:18:47,464 INFO o.a.j.t.JMeterThread: Thread started: Endurance - 300 VU sustained (no think) 1-241
2026-08-13 05:18:47,651 INFO o.a.j.t.JMeterThread: Thread started: Endurance - 300 VU sustained (no think) 1-242
2026-08-13 05:18:47,856 INFO o.a.j.t.JMeterThread: Thread started: Endurance - 300 VU sustained (no think) 1-243
2026-08-13 05:18:48,078 INFO o.a.j.t.JMeterThread: Thread started: Endurance - 300 VU sustained (no think) 1-244
2026-08-13 05:18:48,279 INFO o.a.j.t.JMeterThread: Thread started: Endurance - 300 VU sustained (no think) 1-245
2026-08-13 05:18:48,458 INFO o.a.j.t.JMeterThread: Thread started: Endurance - 300 VU sustained (no think) 1-246
2026-08-13 05:18:48,684 INFO o.a.j.t.JMeterThread: Thread started: Endurance - 300 VU sustained (no think) 1-247
2026-08-13 05:18:48,904 INFO o.a.j.t.JMeterThread: Thread started: Endurance - 300 VU sustained (no think) 1-248
2026-08-13 05:18:49,091 INFO o.a.j.t.JMeterThread: Thread started: Endurance - 300 VU sustained (no think) 1-249
2026-08-13 05:18:49,281 INFO o.a.j.t.JMeterThread: Thread started: Endurance - 300 VU sustained (no think) 1-250
2026-08-13 05:18:49,469 INFO o.a.j.t.JMeterThread: Thread started: Endurance - 300 VU sustained (no think) 1-251
2026-08-13 05:18:49,672 INFO o.a.j.t.JMeterThread: Thread started: Endurance - 300 VU sustained (no think) 1-252
2026-08-13 05:18:49,861 INFO o.a.j.t.JMeterThread: Thread started: Endurance - 300 VU sustained (no think) 1-253
2026-08-13 05:18:50,091 INFO o.a.j.t.JMeterThread: Thread started: Endurance - 300 VU sustained (no think) 1-254
2026-08-13 05:18:50,291 INFO o.a.j.t.JMeterThread: Thread started: Endurance - 300 VU sustained (no think) 1-255
2026-08-13 05:18:50,495 INFO o.a.j.t.JMeterThread: Thread started: Endurance - 300 VU sustained (no think) 1-256
2026-08-13 05:18:50,676 INFO o.a.j.t.JMeterThread: Thread started: Endurance - 300 VU sustained (no think) 1-257
2026-08-13 05:18:50,865 INFO o.a.j.t.JMeterThread: Thread started: Endurance - 300 VU sustained (no think) 1-258
2026-08-13 05:18:51,051 INFO o.a.j.t.JMeterThread: Thread started: Endurance - 300 VU sustained (no think) 1-259
2026-08-13 05:18:51,279 INFO o.a.j.t.JMeterThread: Thread started: Endurance - 300 VU sustained (no think) 1-260
2026-08-13 05:18:51,464 INFO o.a.j.t.JMeterThread: Thread started: Endurance - 300 VU sustained (no think) 1-261
2026-08-13 05:18:51,665 INFO o.a.j.t.JMeterThread: Thread started: Endurance - 300 VU sustained (no think) 1-262
2026-08-13 05:18:51,876 INFO o.a.j.t.JMeterThread: Thread started: Endurance - 300 VU sustained (no think) 1-263
2026-08-13 05:18:52,076 INFO o.a.j.t.JMeterThread: Thread started: Endurance - 300 VU sustained (no think) 1-264
2026-08-13 05:18:52,280 INFO o.a.j.t.JMeterThread: Thread started: Endurance - 300 VU sustained (no think) 1-265
2026-08-13 05:18:52,482 INFO o.a.j.t.JMeterThread: Thread started: Endurance - 300 VU sustained (no think) 1-266
2026-08-13 05:18:52,685 INFO o.a.j.t.JMeterThread: Thread started: Endurance - 300 VU sustained (no think) 1-267
2026-08-13 05:18:52,889 INFO o.a.j.t.JMeterThread: Thread started: Endurance - 300 VU sustained (no think) 1-268
2026-08-13 05:18:53,089 INFO o.a.j.t.JMeterThread: Thread started: Endurance - 300 VU sustained (no think) 1-269
2026-08-13 05:18:53,280 INFO o.a.j.t.JMeterThread: Thread started: Endurance - 300 VU sustained (no think) 1-270
2026-08-13 05:18:53,483 INFO o.a.j.t.JMeterThread: Thread started: Endurance - 300 VU sustained (no think) 1-271
2026-08-13 05:18:53,686 INFO o.a.j.t.JMeterThread: Thread started: Endurance - 300 VU sustained (no think) 1-272
2026-08-13 05:18:53,873 INFO o.a.j.t.JMeterThread: Thread started: Endurance - 300 VU sustained (no think) 1-273
2026-08-13 05:18:54,084 INFO o.a.j.t.JMeterThread: Thread started: Endurance - 300 VU sustained (no think) 1-274
2026-08-13 05:18:54,272 INFO o.a.j.t.JMeterThread: Thread started: Endurance - 300 VU sustained (no think) 1-275
2026-08-13 05:18:54,448 INFO o.a.j.t.JMeterThread: Thread started: Endurance - 300 VU sustained (no think) 1-276
2026-08-13 05:18:54,651 INFO o.a.j.t.JMeterThread: Thread started: Endurance - 300 VU sustained (no think) 1-277
2026-08-13 05:18:54,851 INFO o.a.j.t.JMeterThread: Thread started: Endurance - 300 VU sustained (no think) 1-278
2026-08-13 05:18:55,055 INFO o.a.j.t.JMeterThread: Thread started: Endurance - 300 VU sustained (no think) 1-279
2026-08-13 05:18:55,245 INFO o.a.j.t.JMeterThread: Thread started: Endurance - 300 VU sustained (no think) 1-280
2026-08-13 05:18:55,449 INFO o.a.j.t.JMeterThread: Thread started: Endurance - 300 VU sustained (no think) 1-281
2026-08-13 05:18:55,669 INFO o.a.j.t.JMeterThread: Thread started: Endurance - 300 VU sustained (no think) 1-282
2026-08-13 05:18:55,904 INFO o.a.j.t.JMeterThread: Thread started: Endurance - 300 VU sustained (no think) 1-283
2026-08-13 05:18:56,096 INFO o.a.j.t.JMeterThread: Thread started: Endurance - 300 VU sustained (no think) 1-284
2026-08-13 05:18:56,294 INFO o.a.j.t.JMeterThread: Thread started: Endurance - 300 VU sustained (no think) 1-285
2026-08-13 05:18:56,501 INFO o.a.j.t.JMeterThread: Thread started: Endurance - 300 VU sustained (no think) 1-286
2026-08-13 05:18:56,657 INFO o.a.j.t.JMeterThread: Thread started: Endurance - 300 VU sustained (no think) 1-287
2026-08-13 05:18:56,865 INFO o.a.j.t.JMeterThread: Thread started: Endurance - 300 VU sustained (no think) 1-288
2026-08-13 05:18:57,066 INFO o.a.j.t.JMeterThread: Thread started: Endurance - 300 VU sustained (no think) 1-289
2026-08-13 05:18:57,261 INFO o.a.j.t.JMeterThread: Thread started: Endurance - 300 VU sustained (no think) 1-290
2026-08-13 05:18:57,451 INFO o.a.j.t.JMeterThread: Thread started: Endurance - 300 VU sustained (no think) 1-291
2026-08-13 05:18:57,663 INFO o.a.j.t.JMeterThread: Thread started: Endurance - 300 VU sustained (no think) 1-292
2026-08-13 05:18:57,858 INFO o.a.j.t.JMeterThread: Thread started: Endurance - 300 VU sustained (no think) 1-293
2026-08-13 05:18:58,044 INFO o.a.j.t.JMeterThread: Thread started: Endurance - 300 VU sustained (no think) 1-294
2026-08-13 05:18:58,258 INFO o.a.j.t.JMeterThread: Thread started: Endurance - 300 VU sustained (no think) 1-295
2026-08-13 05:18:58,464 INFO o.a.j.t.JMeterThread: Thread started: Endurance - 300 VU sustained (no think) 1-296
2026-08-13 05:18:58,661 INFO o.a.j.t.JMeterThread: Thread started: Endurance - 300 VU sustained (no think) 1-297
2026-08-13 05:18:58,849 INFO o.a.j.t.JMeterThread: Thread started: Endurance - 300 VU sustained (no think) 1-298
2026-08-13 05:18:59,053 INFO o.a.j.t.JMeterThread: Thread started: Endurance - 300 VU sustained (no think) 1-299
2026-08-13 05:18:59,249 INFO o.a.j.t.JMeterThread: Thread started: Endurance - 300 VU sustained (no think) 1-300
2026-08-13 05:19:00,191 INFO o.a.j.r.Summariser: summary +   5561 in 00:00:30 =  184.9/s Avg:  1203 Min:   121 Max:  4186 Err:     0 (0.00%) Active: 300 Started: 300 Finished: 0
2026-08-13 05:19:00,191 INFO o.a.j.r.Summariser: summary =  11087 in 00:01:01 =  182.4/s Avg:   804 Min:     2 Max:  4186 Err:     0 (0.00%)
2026-08-13 05:19:30,030 INFO o.a.j.r.Summariser: summary +   5747 in 00:00:30 =  192.6/s Avg:  1555 Min:   438 Max:  4229 Err:     0 (0.00%) Active: 300 Started: 300 Finished: 0
2026-08-13 05:19:30,030 INFO o.a.j.r.Summariser: summary =  16834 in 00:01:31 =  185.8/s Avg:  1060 Min:     2 Max:  4229 Err:     0 (0.00%)
2026-08-13 05:20:00,118 INFO o.a.j.r.Summariser: summary +   7509 in 00:00:30 =  249.6/s Avg:  1211 Min:   378 Max:  2881 Err:     0 (0.00%) Active: 300 Started: 300 Finished: 0
2026-08-13 05:20:00,119 INFO o.a.j.r.Summariser: summary =  24343 in 00:02:01 =  201.7/s Avg:  1107 Min:     2 Max:  4229 Err:     0 (0.00%)
2026-08-13 05:20:30,043 INFO o.a.j.r.Summariser: summary +   5890 in 00:00:30 =  196.8/s Avg:  1509 Min:   487 Max:  3973 Err:     0 (0.00%) Active: 300 Started: 300 Finished: 0
2026-08-13 05:20:30,043 INFO o.a.j.r.Summariser: summary =  30233 in 00:02:31 =  200.7/s Avg:  1185 Min:     2 Max:  4229 Err:     0 (0.00%)
2026-08-13 05:21:00,003 INFO o.a.j.r.Summariser: summary +   8002 in 00:00:30 =  267.1/s Avg:  1131 Min:   192 Max:  3635 Err:     0 (0.00%) Active: 300 Started: 300 Finished: 0
2026-08-13 05:21:00,003 INFO o.a.j.r.Summariser: summary =  38235 in 00:03:01 =  211.7/s Avg:  1174 Min:     2 Max:  4229 Err:     0 (0.00%)
2026-08-13 05:21:30,169 INFO o.a.j.r.Summariser: summary +   7834 in 00:00:30 =  259.7/s Avg:  1149 Min:   229 Max:  2913 Err:     0 (0.00%) Active: 300 Started: 300 Finished: 0
2026-08-13 05:21:30,169 INFO o.a.j.r.Summariser: summary =  46069 in 00:03:31 =  218.6/s Avg:  1169 Min:     2 Max:  4229 Err:     0 (0.00%)
2026-08-13 05:22:00,102 INFO o.a.j.r.Summariser: summary +   8554 in 00:00:30 =  285.8/s Avg:  1052 Min:   362 Max:  2285 Err:     0 (0.00%) Active: 300 Started: 300 Finished: 0
2026-08-13 05:22:00,103 INFO o.a.j.r.Summariser: summary =  54623 in 00:04:01 =  226.9/s Avg:  1151 Min:     2 Max:  4229 Err:     0 (0.00%)
2026-08-13 05:22:30,141 INFO o.a.j.r.Summariser: summary +   8233 in 00:00:30 =  274.1/s Avg:  1094 Min:   372 Max:  2307 Err:     0 (0.00%) Active: 300 Started: 300 Finished: 0
2026-08-13 05:22:30,142 INFO o.a.j.r.Summariser: summary =  62856 in 00:04:31 =  232.2/s Avg:  1144 Min:     2 Max:  4229 Err:     0 (0.00%)
2026-08-13 05:23:00,111 INFO o.a.j.r.Summariser: summary +   8388 in 00:00:30 =  279.9/s Avg:  1075 Min:   225 Max:  2244 Err:     0 (0.00%) Active: 300 Started: 300 Finished: 0
2026-08-13 05:23:00,113 INFO o.a.j.r.Summariser: summary =  71244 in 00:05:01 =  236.9/s Avg:  1136 Min:     2 Max:  4229 Err:     0 (0.00%)
2026-08-13 05:23:30,157 INFO o.a.j.r.Summariser: summary +   8070 in 00:00:30 =  268.6/s Avg:  1116 Min:   281 Max:  2464 Err:     0 (0.00%) Active: 300 Started: 300 Finished: 0
2026-08-13 05:23:30,158 INFO o.a.j.r.Summariser: summary =  79314 in 00:05:31 =  239.8/s Avg:  1134 Min:     2 Max:  4229 Err:     0 (0.00%)
2026-08-13 05:24:00,000 INFO o.a.j.r.Summariser: summary +   8326 in 00:00:30 =  279.0/s Avg:  1078 Min:   365 Max:  2244 Err:     0 (0.00%) Active: 300 Started: 300 Finished: 0
2026-08-13 05:24:00,001 INFO o.a.j.r.Summariser: summary =  87640 in 00:06:01 =  243.0/s Avg:  1128 Min:     2 Max:  4229 Err:     0 (0.00%)
2026-08-13 05:24:30,000 INFO o.a.j.r.Summariser: summary +   8098 in 00:00:30 =  269.9/s Avg:  1097 Min:   229 Max:  2190 Err:     0 (0.00%) Active: 300 Started: 300 Finished: 0
2026-08-13 05:24:30,000 INFO o.a.j.r.Summariser: summary =  95738 in 00:06:31 =  245.1/s Avg:  1126 Min:     2 Max:  4229 Err:     0 (0.00%)
2026-08-13 05:25:00,046 INFO o.a.j.r.Summariser: summary +   8492 in 00:00:30 =  282.6/s Avg:  1066 Min:   173 Max:  2492 Err:     0 (0.00%) Active: 300 Started: 300 Finished: 0
2026-08-13 05:25:00,047 INFO o.a.j.r.Summariser: summary = 104230 in 00:07:01 =  247.8/s Avg:  1121 Min:     2 Max:  4229 Err:     0 (0.00%)
2026-08-13 05:25:30,045 INFO o.a.j.r.Summariser: summary +  13738 in 00:00:30 =  457.9/s Avg:   665 Min:    63 Max:  2361 Err:     0 (0.00%) Active: 300 Started: 300 Finished: 0
2026-08-13 05:25:30,045 INFO o.a.j.r.Summariser: summary = 117968 in 00:07:31 =  261.8/s Avg:  1068 Min:     2 Max:  4229 Err:     0 (0.00%)
2026-08-13 05:26:00,024 INFO o.a.j.r.Summariser: summary +  18297 in 00:00:30 =  610.3/s Avg:   489 Min:    54 Max:  1156 Err:     0 (0.00%) Active: 300 Started: 300 Finished: 0
2026-08-13 05:26:00,024 INFO o.a.j.r.Summariser: summary = 136265 in 00:08:01 =  283.5/s Avg:   990 Min:     2 Max:  4229 Err:     0 (0.00%)
2026-08-13 05:26:30,084 INFO o.a.j.r.Summariser: summary +  10920 in 00:00:30 =  363.3/s Avg:   817 Min:    46 Max:  2276 Err:     0 (0.00%) Active: 300 Started: 300 Finished: 0
2026-08-13 05:26:30,084 INFO o.a.j.r.Summariser: summary = 147185 in 00:08:31 =  288.2/s Avg:   977 Min:     2 Max:  4229 Err:     0 (0.00%)
2026-08-13 05:27:00,298 INFO o.a.j.r.Summariser: summary +   8063 in 00:00:30 =  266.9/s Avg:  1121 Min:   328 Max:  2439 Err:     0 (0.00%) Active: 300 Started: 300 Finished: 0
2026-08-13 05:27:00,299 INFO o.a.j.r.Summariser: summary = 155248 in 00:09:01 =  287.0/s Avg:   985 Min:     2 Max:  4229 Err:     0 (0.00%)
2026-08-13 05:27:30,446 INFO o.a.j.r.Summariser: summary +   7865 in 00:00:30 =  260.9/s Avg:  1145 Min:   239 Max:  2635 Err:     0 (0.00%) Active: 300 Started: 300 Finished: 0
2026-08-13 05:27:30,446 INFO o.a.j.r.Summariser: summary = 163113 in 00:09:31 =  285.6/s Avg:   992 Min:     2 Max:  4229 Err:     0 (0.00%)
2026-08-13 05:28:00,004 INFO o.a.j.r.Summariser: summary +   7978 in 00:00:30 =  269.9/s Avg:  1113 Min:   421 Max:  2515 Err:     0 (0.00%) Active: 300 Started: 300 Finished: 0
2026-08-13 05:28:00,005 INFO o.a.j.r.Summariser: summary = 171091 in 00:10:01 =  284.9/s Avg:   998 Min:     2 Max:  4229 Err:     0 (0.00%)
2026-08-13 05:28:30,048 INFO o.a.j.r.Summariser: summary +  10149 in 00:00:30 =  337.8/s Avg:   881 Min:   131 Max:  2323 Err:     0 (0.00%) Active: 300 Started: 300 Finished: 0
2026-08-13 05:28:30,050 INFO o.a.j.r.Summariser: summary = 181240 in 00:10:31 =  287.4/s Avg:   991 Min:     2 Max:  4229 Err:     0 (0.00%)
2026-08-13 05:29:00,069 INFO o.a.j.r.Summariser: summary +   8509 in 00:00:30 =  283.4/s Avg:  1072 Min:   215 Max:  2277 Err:     0 (0.00%) Active: 300 Started: 300 Finished: 0
2026-08-13 05:29:00,071 INFO o.a.j.r.Summariser: summary = 189749 in 00:11:01 =  287.2/s Avg:   995 Min:     2 Max:  4229 Err:     0 (0.00%)
2026-08-13 05:29:30,546 INFO o.a.j.r.Summariser: summary +   8514 in 00:00:30 =  279.4/s Avg:  1064 Min:   272 Max:  2233 Err:     0 (0.00%) Active: 300 Started: 300 Finished: 0
2026-08-13 05:29:30,546 INFO o.a.j.r.Summariser: summary = 198263 in 00:11:31 =  286.9/s Avg:   998 Min:     2 Max:  4229 Err:     0 (0.00%)
2026-08-13 05:29:59,909 INFO o.a.j.t.JMeterThread: Stopping because end time detected by thread: Endurance - 300 VU sustained (no think) 1-43
2026-08-13 05:29:59,909 INFO o.a.j.t.JMeterThread: Thread finished: Endurance - 300 VU sustained (no think) 1-43
2026-08-13 05:29:59,914 INFO o.a.j.t.JMeterThread: Stopping because end time detected by thread: Endurance - 300 VU sustained (no think) 1-106
2026-08-13 05:29:59,914 INFO o.a.j.t.JMeterThread: Thread finished: Endurance - 300 VU sustained (no think) 1-106
2026-08-13 05:29:59,917 INFO o.a.j.t.JMeterThread: Stopping because end time detected by thread: Endurance - 300 VU sustained (no think) 1-51
2026-08-13 05:29:59,917 INFO o.a.j.t.JMeterThread: Thread finished: Endurance - 300 VU sustained (no think) 1-51
2026-08-13 05:29:59,920 INFO o.a.j.t.JMeterThread: Stopping because end time detected by thread: Endurance - 300 VU sustained (no think) 1-127
2026-08-13 05:29:59,920 INFO o.a.j.t.JMeterThread: Thread finished: Endurance - 300 VU sustained (no think) 1-127
2026-08-13 05:29:59,926 INFO o.a.j.t.JMeterThread: Stopping because end time detected by thread: Endurance - 300 VU sustained (no think) 1-152
2026-08-13 05:29:59,927 INFO o.a.j.t.JMeterThread: Thread finished: Endurance - 300 VU sustained (no think) 1-152
2026-08-13 05:29:59,929 INFO o.a.j.t.JMeterThread: Stopping because end time detected by thread: Endurance - 300 VU sustained (no think) 1-86
2026-08-13 05:29:59,929 INFO o.a.j.t.JMeterThread: Thread finished: Endurance - 300 VU sustained (no think) 1-86
2026-08-13 05:29:59,932 INFO o.a.j.t.JMeterThread: Stopping because end time detected by thread: Endurance - 300 VU sustained (no think) 1-222
2026-08-13 05:29:59,933 INFO o.a.j.t.JMeterThread: Thread finished: Endurance - 300 VU sustained (no think) 1-222
2026-08-13 05:29:59,940 INFO o.a.j.t.JMeterThread: Stopping because end time detected by thread: Endurance - 300 VU sustained (no think) 1-168
2026-08-13 05:29:59,940 INFO o.a.j.t.JMeterThread: Thread finished: Endurance - 300 VU sustained (no think) 1-168
2026-08-13 05:29:59,944 INFO o.a.j.t.JMeterThread: Stopping because end time detected by thread: Endurance - 300 VU sustained (no think) 1-145
2026-08-13 05:29:59,944 INFO o.a.j.t.JMeterThread: Thread finished: Endurance - 300 VU sustained (no think) 1-145
2026-08-13 05:29:59,947 INFO o.a.j.t.JMeterThread: Stopping because end time detected by thread: Endurance - 300 VU sustained (no think) 1-93
2026-08-13 05:29:59,947 INFO o.a.j.t.JMeterThread: Thread finished: Endurance - 300 VU sustained (no think) 1-93
2026-08-13 05:29:59,949 INFO o.a.j.t.JMeterThread: Stopping because end time detected by thread: Endurance - 300 VU sustained (no think) 1-12
2026-08-13 05:29:59,950 INFO o.a.j.t.JMeterThread: Thread finished: Endurance - 300 VU sustained (no think) 1-12
2026-08-13 05:29:59,951 INFO o.a.j.t.JMeterThread: Stopping because end time detected by thread: Endurance - 300 VU sustained (no think) 1-109
2026-08-13 05:29:59,952 INFO o.a.j.t.JMeterThread: Thread finished: Endurance - 300 VU sustained (no think) 1-109
2026-08-13 05:29:59,967 INFO o.a.j.t.JMeterThread: Stopping because end time detected by thread: Endurance - 300 VU sustained (no think) 1-56
2026-08-13 05:29:59,969 INFO o.a.j.t.JMeterThread: Thread finished: Endurance - 300 VU sustained (no think) 1-56
2026-08-13 05:29:59,970 INFO o.a.j.t.JMeterThread: Stopping because end time detected by thread: Endurance - 300 VU sustained (no think) 1-164
2026-08-13 05:29:59,970 INFO o.a.j.t.JMeterThread: Thread finished: Endurance - 300 VU sustained (no think) 1-164
2026-08-13 05:29:59,972 INFO o.a.j.t.JMeterThread: Stopping because end time detected by thread: Endurance - 300 VU sustained (no think) 1-207
2026-08-13 05:29:59,972 INFO o.a.j.t.JMeterThread: Thread finished: Endurance - 300 VU sustained (no think) 1-207
2026-08-13 05:29:59,976 INFO o.a.j.t.JMeterThread: Stopping because end time detected by thread: Endurance - 300 VU sustained (no think) 1-55
2026-08-13 05:29:59,976 INFO o.a.j.t.JMeterThread: Thread finished: Endurance - 300 VU sustained (no think) 1-55
2026-08-13 05:29:59,978 INFO o.a.j.t.JMeterThread: Stopping because end time detected by thread: Endurance - 300 VU sustained (no think) 1-61
2026-08-13 05:29:59,978 INFO o.a.j.t.JMeterThread: Thread finished: Endurance - 300 VU sustained (no think) 1-61
2026-08-13 05:29:59,983 INFO o.a.j.t.JMeterThread: Stopping because end time detected by thread: Endurance - 300 VU sustained (no think) 1-121
2026-08-13 05:29:59,983 INFO o.a.j.t.JMeterThread: Thread finished: Endurance - 300 VU sustained (no think) 1-121
2026-08-13 05:29:59,987 INFO o.a.j.t.JMeterThread: Stopping because end time detected by thread: Endurance - 300 VU sustained (no think) 1-13
2026-08-13 05:29:59,987 INFO o.a.j.t.JMeterThread: Thread finished: Endurance - 300 VU sustained (no think) 1-13
2026-08-13 05:29:59,988 INFO o.a.j.t.JMeterThread: Stopping because end time detected by thread: Endurance - 300 VU sustained (no think) 1-206
2026-08-13 05:29:59,988 INFO o.a.j.t.JMeterThread: Thread finished: Endurance - 300 VU sustained (no think) 1-206
2026-08-13 05:29:59,993 INFO o.a.j.t.JMeterThread: Stopping because end time detected by thread: Endurance - 300 VU sustained (no think) 1-136
2026-08-13 05:29:59,993 INFO o.a.j.t.JMeterThread: Thread finished: Endurance - 300 VU sustained (no think) 1-136
2026-08-13 05:29:59,996 INFO o.a.j.t.JMeterThread: Stopping because end time detected by thread: Endurance - 300 VU sustained (no think) 1-147
2026-08-13 05:29:59,996 INFO o.a.j.t.JMeterThread: Thread finished: Endurance - 300 VU sustained (no think) 1-147
2026-08-13 05:30:00,001 INFO o.a.j.r.Summariser: summary +   8229 in 00:00:29 =  279.4/s Avg:  1064 Min:   267 Max:  2222 Err:     0 (0.00%) Active: 278 Started: 300 Finished: 22
2026-08-13 05:30:00,001 INFO o.a.j.r.Summariser: summary = 206492 in 00:12:01 =  286.6/s Avg:  1001 Min:     2 Max:  4229 Err:     0 (0.00%)
2026-08-13 05:30:00,002 INFO o.a.j.t.JMeterThread: Stopping because end time detected by thread: Endurance - 300 VU sustained (no think) 1-153
2026-08-13 05:30:00,002 INFO o.a.j.t.JMeterThread: Thread finished: Endurance - 300 VU sustained (no think) 1-153
2026-08-13 05:30:00,004 INFO o.a.j.t.JMeterThread: Stopping because end time detected by thread: Endurance - 300 VU sustained (no think) 1-133
2026-08-13 05:30:00,004 INFO o.a.j.t.JMeterThread: Thread finished: Endurance - 300 VU sustained (no think) 1-133
2026-08-13 05:30:00,007 INFO o.a.j.t.JMeterThread: Stopping because end time detected by thread: Endurance - 300 VU sustained (no think) 1-125
2026-08-13 05:30:00,007 INFO o.a.j.t.JMeterThread: Thread finished: Endurance - 300 VU sustained (no think) 1-125
2026-08-13 05:30:00,012 INFO o.a.j.t.JMeterThread: Stopping because end time detected by thread: Endurance - 300 VU sustained (no think) 1-33
2026-08-13 05:30:00,012 INFO o.a.j.t.JMeterThread: Thread finished: Endurance - 300 VU sustained (no think) 1-33
2026-08-13 05:30:00,021 INFO o.a.j.t.JMeterThread: Stopping because end time detected by thread: Endurance - 300 VU sustained (no think) 1-8
2026-08-13 05:30:00,021 INFO o.a.j.t.JMeterThread: Thread finished: Endurance - 300 VU sustained (no think) 1-8
2026-08-13 05:30:00,024 INFO o.a.j.t.JMeterThread: Stopping because end time detected by thread: Endurance - 300 VU sustained (no think) 1-173
2026-08-13 05:30:00,024 INFO o.a.j.t.JMeterThread: Thread finished: Endurance - 300 VU sustained (no think) 1-173
2026-08-13 05:30:00,027 INFO o.a.j.t.JMeterThread: Stopping because end time detected by thread: Endurance - 300 VU sustained (no think) 1-34
2026-08-13 05:30:00,027 INFO o.a.j.t.JMeterThread: Thread finished: Endurance - 300 VU sustained (no think) 1-34
2026-08-13 05:30:00,030 INFO o.a.j.t.JMeterThread: Stopping because end time detected by thread: Endurance - 300 VU sustained (no think) 1-120
2026-08-13 05:30:00,030 INFO o.a.j.t.JMeterThread: Thread finished: Endurance - 300 VU sustained (no think) 1-120
2026-08-13 05:30:00,033 INFO o.a.j.t.JMeterThread: Stopping because end time detected by thread: Endurance - 300 VU sustained (no think) 1-122
2026-08-13 05:30:00,033 INFO o.a.j.t.JMeterThread: Thread finished: Endurance - 300 VU sustained (no think) 1-122
2026-08-13 05:30:00,035 INFO o.a.j.t.JMeterThread: Stopping because end time detected by thread: Endurance - 300 VU sustained (no think) 1-156
2026-08-13 05:30:00,035 INFO o.a.j.t.JMeterThread: Thread finished: Endurance - 300 VU sustained (no think) 1-156
2026-08-13 05:30:00,040 INFO o.a.j.t.JMeterThread: Stopping because end time detected by thread: Endurance - 300 VU sustained (no think) 1-74
2026-08-13 05:30:00,040 INFO o.a.j.t.JMeterThread: Thread finished: Endurance - 300 VU sustained (no think) 1-74
2026-08-13 05:30:00,049 INFO o.a.j.t.JMeterThread: Stopping because end time detected by thread: Endurance - 300 VU sustained (no think) 1-1
2026-08-13 05:30:00,049 INFO o.a.j.t.JMeterThread: Thread finished: Endurance - 300 VU sustained (no think) 1-1
2026-08-13 05:30:00,050 INFO o.a.j.t.JMeterThread: Stopping because end time detected by thread: Endurance - 300 VU sustained (no think) 1-177
2026-08-13 05:30:00,051 INFO o.a.j.t.JMeterThread: Thread finished: Endurance - 300 VU sustained (no think) 1-177
2026-08-13 05:30:00,053 INFO o.a.j.t.JMeterThread: Stopping because end time detected by thread: Endurance - 300 VU sustained (no think) 1-42
2026-08-13 05:30:00,053 INFO o.a.j.t.JMeterThread: Thread finished: Endurance - 300 VU sustained (no think) 1-42
2026-08-13 05:30:00,058 INFO o.a.j.t.JMeterThread: Stopping because end time detected by thread: Endurance - 300 VU sustained (no think) 1-231
2026-08-13 05:30:00,058 INFO o.a.j.t.JMeterThread: Thread finished: Endurance - 300 VU sustained (no think) 1-231
2026-08-13 05:30:00,061 INFO o.a.j.t.JMeterThread: Stopping because end time detected by thread: Endurance - 300 VU sustained (no think) 1-167
2026-08-13 05:30:00,061 INFO o.a.j.t.JMeterThread: Thread finished: Endurance - 300 VU sustained (no think) 1-167
2026-08-13 05:30:00,064 INFO o.a.j.t.JMeterThread: Stopping because end time detected by thread: Endurance - 300 VU sustained (no think) 1-101
2026-08-13 05:30:00,064 INFO o.a.j.t.JMeterThread: Thread finished: Endurance - 300 VU sustained (no think) 1-101
2026-08-13 05:30:00,065 INFO o.a.j.t.JMeterThread: Stopping because end time detected by thread: Endurance - 300 VU sustained (no think) 1-79
2026-08-13 05:30:00,065 INFO o.a.j.t.JMeterThread: Stopping because end time detected by thread: Endurance - 300 VU sustained (no think) 1-246
2026-08-13 05:30:00,066 INFO o.a.j.t.JMeterThread: Thread finished: Endurance - 300 VU sustained (no think) 1-79
2026-08-13 05:30:00,066 INFO o.a.j.t.JMeterThread: Thread finished: Endurance - 300 VU sustained (no think) 1-246
2026-08-13 05:30:00,067 INFO o.a.j.t.JMeterThread: Stopping because end time detected by thread: Endurance - 300 VU sustained (no think) 1-31
2026-08-13 05:30:00,067 INFO o.a.j.t.JMeterThread: Thread finished: Endurance - 300 VU sustained (no think) 1-31
2026-08-13 05:30:00,069 INFO o.a.j.t.JMeterThread: Stopping because end time detected by thread: Endurance - 300 VU sustained (no think) 1-28
2026-08-13 05:30:00,069 INFO o.a.j.t.JMeterThread: Thread finished: Endurance - 300 VU sustained (no think) 1-28
2026-08-13 05:30:00,070 INFO o.a.j.t.JMeterThread: Stopping because end time detected by thread: Endurance - 300 VU sustained (no think) 1-228
2026-08-13 05:30:00,071 INFO o.a.j.t.JMeterThread: Stopping because end time detected by thread: Endurance - 300 VU sustained (no think) 1-94
2026-08-13 05:30:00,071 INFO o.a.j.t.JMeterThread: Thread finished: Endurance - 300 VU sustained (no think) 1-228
2026-08-13 05:30:00,071 INFO o.a.j.t.JMeterThread: Thread finished: Endurance - 300 VU sustained (no think) 1-94
2026-08-13 05:30:00,073 INFO o.a.j.t.JMeterThread: Stopping because end time detected by thread: Endurance - 300 VU sustained (no think) 1-249
2026-08-13 05:30:00,073 INFO o.a.j.t.JMeterThread: Stopping because end time detected by thread: Endurance - 300 VU sustained (no think) 1-248
2026-08-13 05:30:00,073 INFO o.a.j.t.JMeterThread: Thread finished: Endurance - 300 VU sustained (no think) 1-249
2026-08-13 05:30:00,073 INFO o.a.j.t.JMeterThread: Thread finished: Endurance - 300 VU sustained (no think) 1-248
2026-08-13 05:30:00,074 INFO o.a.j.t.JMeterThread: Stopping because end time detected by thread: Endurance - 300 VU sustained (no think) 1-64
2026-08-13 05:30:00,074 INFO o.a.j.t.JMeterThread: Thread finished: Endurance - 300 VU sustained (no think) 1-64
2026-08-13 05:30:00,074 INFO o.a.j.t.JMeterThread: Stopping because end time detected by thread: Endurance - 300 VU sustained (no think) 1-241
2026-08-13 05:30:00,076 INFO o.a.j.t.JMeterThread: Thread finished: Endurance - 300 VU sustained (no think) 1-241
2026-08-13 05:30:00,077 INFO o.a.j.t.JMeterThread: Stopping because end time detected by thread: Endurance - 300 VU sustained (no think) 1-112
2026-08-13 05:30:00,077 INFO o.a.j.t.JMeterThread: Thread finished: Endurance - 300 VU sustained (no think) 1-112
2026-08-13 05:30:00,078 INFO o.a.j.t.JMeterThread: Stopping because end time detected by thread: Endurance - 300 VU sustained (no think) 1-216
2026-08-13 05:30:00,078 INFO o.a.j.t.JMeterThread: Thread finished: Endurance - 300 VU sustained (no think) 1-216
2026-08-13 05:30:00,079 INFO o.a.j.t.JMeterThread: Stopping because end time detected by thread: Endurance - 300 VU sustained (no think) 1-117
2026-08-13 05:30:00,079 INFO o.a.j.t.JMeterThread: Thread finished: Endurance - 300 VU sustained (no think) 1-117
2026-08-13 05:30:00,079 INFO o.a.j.t.JMeterThread: Stopping because end time detected by thread: Endurance - 300 VU sustained (no think) 1-115
2026-08-13 05:30:00,079 INFO o.a.j.t.JMeterThread: Stopping because end time detected by thread: Endurance - 300 VU sustained (no think) 1-170
2026-08-13 05:30:00,080 INFO o.a.j.t.JMeterThread: Thread finished: Endurance - 300 VU sustained (no think) 1-115
2026-08-13 05:30:00,080 INFO o.a.j.t.JMeterThread: Thread finished: Endurance - 300 VU sustained (no think) 1-170
2026-08-13 05:30:00,080 INFO o.a.j.t.JMeterThread: Stopping because end time detected by thread: Endurance - 300 VU sustained (no think) 1-128
2026-08-13 05:30:00,081 INFO o.a.j.t.JMeterThread: Thread finished: Endurance - 300 VU sustained (no think) 1-128
2026-08-13 05:30:00,081 INFO o.a.j.t.JMeterThread: Stopping because end time detected by thread: Endurance - 300 VU sustained (no think) 1-110
2026-08-13 05:30:00,081 INFO o.a.j.t.JMeterThread: Thread finished: Endurance - 300 VU sustained (no think) 1-110
2026-08-13 05:30:00,081 INFO o.a.j.t.JMeterThread: Stopping because end time detected by thread: Endurance - 300 VU sustained (no think) 1-135
2026-08-13 05:30:00,081 INFO o.a.j.t.JMeterThread: Thread finished: Endurance - 300 VU sustained (no think) 1-135
2026-08-13 05:30:00,083 INFO o.a.j.t.JMeterThread: Stopping because end time detected by thread: Endurance - 300 VU sustained (no think) 1-16
2026-08-13 05:30:00,083 INFO o.a.j.t.JMeterThread: Thread finished: Endurance - 300 VU sustained (no think) 1-16
2026-08-13 05:30:00,084 INFO o.a.j.t.JMeterThread: Stopping because end time detected by thread: Endurance - 300 VU sustained (no think) 1-161
2026-08-13 05:30:00,084 INFO o.a.j.t.JMeterThread: Thread finished: Endurance - 300 VU sustained (no think) 1-161
2026-08-13 05:30:00,084 INFO o.a.j.t.JMeterThread: Stopping because end time detected by thread: Endurance - 300 VU sustained (no think) 1-81
2026-08-13 05:30:00,084 INFO o.a.j.t.JMeterThread: Thread finished: Endurance - 300 VU sustained (no think) 1-81
2026-08-13 05:30:00,084 INFO o.a.j.t.JMeterThread: Stopping because end time detected by thread: Endurance - 300 VU sustained (no think) 1-134
2026-08-13 05:30:00,084 INFO o.a.j.t.JMeterThread: Thread finished: Endurance - 300 VU sustained (no think) 1-134
2026-08-13 05:30:00,085 INFO o.a.j.t.JMeterThread: Stopping because end time detected by thread: Endurance - 300 VU sustained (no think) 1-71
2026-08-13 05:30:00,086 INFO o.a.j.t.JMeterThread: Thread finished: Endurance - 300 VU sustained (no think) 1-71
2026-08-13 05:30:00,086 INFO o.a.j.t.JMeterThread: Stopping because end time detected by thread: Endurance - 300 VU sustained (no think) 1-47
2026-08-13 05:30:00,086 INFO o.a.j.t.JMeterThread: Stopping because end time detected by thread: Endurance - 300 VU sustained (no think) 1-171
2026-08-13 05:30:00,086 INFO o.a.j.t.JMeterThread: Thread finished: Endurance - 300 VU sustained (no think) 1-47
2026-08-13 05:30:00,086 INFO o.a.j.t.JMeterThread: Thread finished: Endurance - 300 VU sustained (no think) 1-171
2026-08-13 05:30:00,086 INFO o.a.j.t.JMeterThread: Stopping because end time detected by thread: Endurance - 300 VU sustained (no think) 1-233
2026-08-13 05:30:00,086 INFO o.a.j.t.JMeterThread: Thread finished: Endurance - 300 VU sustained (no think) 1-233
2026-08-13 05:30:00,087 INFO o.a.j.t.JMeterThread: Stopping because end time detected by thread: Endurance - 300 VU sustained (no think) 1-150
2026-08-13 05:30:00,087 INFO o.a.j.t.JMeterThread: Thread finished: Endurance - 300 VU sustained (no think) 1-150
2026-08-13 05:30:00,087 INFO o.a.j.t.JMeterThread: Stopping because end time detected by thread: Endurance - 300 VU sustained (no think) 1-32
2026-08-13 05:30:00,087 INFO o.a.j.t.JMeterThread: Thread finished: Endurance - 300 VU sustained (no think) 1-32
2026-08-13 05:30:00,088 INFO o.a.j.t.JMeterThread: Stopping because end time detected by thread: Endurance - 300 VU sustained (no think) 1-18
2026-08-13 05:30:00,088 INFO o.a.j.t.JMeterThread: Thread finished: Endurance - 300 VU sustained (no think) 1-18
2026-08-13 05:30:00,095 INFO o.a.j.t.JMeterThread: Stopping because end time detected by thread: Endurance - 300 VU sustained (no think) 1-178
2026-08-13 05:30:00,095 INFO o.a.j.t.JMeterThread: Thread finished: Endurance - 300 VU sustained (no think) 1-178
2026-08-13 05:30:00,097 INFO o.a.j.t.JMeterThread: Stopping because end time detected by thread: Endurance - 300 VU sustained (no think) 1-92
2026-08-13 05:30:00,097 INFO o.a.j.t.JMeterThread: Thread finished: Endurance - 300 VU sustained (no think) 1-92
2026-08-13 05:30:00,100 INFO o.a.j.t.JMeterThread: Stopping because end time detected by thread: Endurance - 300 VU sustained (no think) 1-143
2026-08-13 05:30:00,100 INFO o.a.j.t.JMeterThread: Thread finished: Endurance - 300 VU sustained (no think) 1-143
2026-08-13 05:30:00,100 INFO o.a.j.t.JMeterThread: Stopping because end time detected by thread: Endurance - 300 VU sustained (no think) 1-181
2026-08-13 05:30:00,100 INFO o.a.j.t.JMeterThread: Thread finished: Endurance - 300 VU sustained (no think) 1-181
2026-08-13 05:30:00,100 INFO o.a.j.t.JMeterThread: Stopping because end time detected by thread: Endurance - 300 VU sustained (no think) 1-236
2026-08-13 05:30:00,100 INFO o.a.j.t.JMeterThread: Thread finished: Endurance - 300 VU sustained (no think) 1-236
2026-08-13 05:30:00,100 INFO o.a.j.t.JMeterThread: Stopping because end time detected by thread: Endurance - 300 VU sustained (no think) 1-59
2026-08-13 05:30:00,100 INFO o.a.j.t.JMeterThread: Thread finished: Endurance - 300 VU sustained (no think) 1-59
2026-08-13 05:30:00,100 INFO o.a.j.t.JMeterThread: Stopping because end time detected by thread: Endurance - 300 VU sustained (no think) 1-242
2026-08-13 05:30:00,100 INFO o.a.j.t.JMeterThread: Stopping because end time detected by thread: Endurance - 300 VU sustained (no think) 1-63
2026-08-13 05:30:00,102 INFO o.a.j.t.JMeterThread: Thread finished: Endurance - 300 VU sustained (no think) 1-242
2026-08-13 05:30:00,102 INFO o.a.j.t.JMeterThread: Thread finished: Endurance - 300 VU sustained (no think) 1-63
2026-08-13 05:30:00,102 INFO o.a.j.t.JMeterThread: Stopping because end time detected by thread: Endurance - 300 VU sustained (no think) 1-205
2026-08-13 05:30:00,102 INFO o.a.j.t.JMeterThread: Thread finished: Endurance - 300 VU sustained (no think) 1-205
2026-08-13 05:30:00,103 INFO o.a.j.t.JMeterThread: Stopping because end time detected by thread: Endurance - 300 VU sustained (no think) 1-4
2026-08-13 05:30:00,104 INFO o.a.j.t.JMeterThread: Thread finished: Endurance - 300 VU sustained (no think) 1-4
2026-08-13 05:30:00,104 INFO o.a.j.t.JMeterThread: Stopping because end time detected by thread: Endurance - 300 VU sustained (no think) 1-99
2026-08-13 05:30:00,104 INFO o.a.j.t.JMeterThread: Thread finished: Endurance - 300 VU sustained (no think) 1-99
2026-08-13 05:30:00,105 INFO o.a.j.t.JMeterThread: Stopping because end time detected by thread: Endurance - 300 VU sustained (no think) 1-169
2026-08-13 05:30:00,105 INFO o.a.j.t.JMeterThread: Thread finished: Endurance - 300 VU sustained (no think) 1-169
2026-08-13 05:30:00,105 INFO o.a.j.t.JMeterThread: Stopping because end time detected by thread: Endurance - 300 VU sustained (no think) 1-108
2026-08-13 05:30:00,105 INFO o.a.j.t.JMeterThread: Thread finished: Endurance - 300 VU sustained (no think) 1-108
2026-08-13 05:30:00,106 INFO o.a.j.t.JMeterThread: Stopping because end time detected by thread: Endurance - 300 VU sustained (no think) 1-68
2026-08-13 05:30:00,106 INFO o.a.j.t.JMeterThread: Thread finished: Endurance - 300 VU sustained (no think) 1-68
2026-08-13 05:30:00,108 INFO o.a.j.t.JMeterThread: Stopping because end time detected by thread: Endurance - 300 VU sustained (no think) 1-24
2026-08-13 05:30:00,108 INFO o.a.j.t.JMeterThread: Thread finished: Endurance - 300 VU sustained (no think) 1-24
2026-08-13 05:30:00,110 INFO o.a.j.t.JMeterThread: Stopping because end time detected by thread: Endurance - 300 VU sustained (no think) 1-197
2026-08-13 05:30:00,110 INFO o.a.j.t.JMeterThread: Thread finished: Endurance - 300 VU sustained (no think) 1-197
2026-08-13 05:30:00,110 INFO o.a.j.t.JMeterThread: Stopping because end time detected by thread: Endurance - 300 VU sustained (no think) 1-84
2026-08-13 05:30:00,110 INFO o.a.j.t.JMeterThread: Thread finished: Endurance - 300 VU sustained (no think) 1-84
2026-08-13 05:30:00,111 INFO o.a.j.t.JMeterThread: Stopping because end time detected by thread: Endurance - 300 VU sustained (no think) 1-72
2026-08-13 05:30:00,111 INFO o.a.j.t.JMeterThread: Thread finished: Endurance - 300 VU sustained (no think) 1-72
2026-08-13 05:30:00,112 INFO o.a.j.t.JMeterThread: Stopping because end time detected by thread: Endurance - 300 VU sustained (no think) 1-190
2026-08-13 05:30:00,112 INFO o.a.j.t.JMeterThread: Thread finished: Endurance - 300 VU sustained (no think) 1-190
2026-08-13 05:30:00,112 INFO o.a.j.t.JMeterThread: Stopping because end time detected by thread: Endurance - 300 VU sustained (no think) 1-180
2026-08-13 05:30:00,113 INFO o.a.j.t.JMeterThread: Thread finished: Endurance - 300 VU sustained (no think) 1-180
2026-08-13 05:30:00,113 INFO o.a.j.t.JMeterThread: Stopping because end time detected by thread: Endurance - 300 VU sustained (no think) 1-21
2026-08-13 05:30:00,113 INFO o.a.j.t.JMeterThread: Thread finished: Endurance - 300 VU sustained (no think) 1-21
2026-08-13 05:30:00,114 INFO o.a.j.t.JMeterThread: Stopping because end time detected by thread: Endurance - 300 VU sustained (no think) 1-166
2026-08-13 05:30:00,114 INFO o.a.j.t.JMeterThread: Thread finished: Endurance - 300 VU sustained (no think) 1-166
2026-08-13 05:30:00,114 INFO o.a.j.t.JMeterThread: Stopping because end time detected by thread: Endurance - 300 VU sustained (no think) 1-244
2026-08-13 05:30:00,115 INFO o.a.j.t.JMeterThread: Stopping because end time detected by thread: Endurance - 300 VU sustained (no think) 1-53
2026-08-13 05:30:00,115 INFO o.a.j.t.JMeterThread: Thread finished: Endurance - 300 VU sustained (no think) 1-244
2026-08-13 05:30:00,115 INFO o.a.j.t.JMeterThread: Thread finished: Endurance - 300 VU sustained (no think) 1-53
2026-08-13 05:30:00,116 INFO o.a.j.t.JMeterThread: Stopping because end time detected by thread: Endurance - 300 VU sustained (no think) 1-220
2026-08-13 05:30:00,116 INFO o.a.j.t.JMeterThread: Thread finished: Endurance - 300 VU sustained (no think) 1-220
2026-08-13 05:30:00,116 INFO o.a.j.t.JMeterThread: Stopping because end time detected by thread: Endurance - 300 VU sustained (no think) 1-221
2026-08-13 05:30:00,116 INFO o.a.j.t.JMeterThread: Thread finished: Endurance - 300 VU sustained (no think) 1-221
2026-08-13 05:30:00,117 INFO o.a.j.t.JMeterThread: Stopping because end time detected by thread: Endurance - 300 VU sustained (no think) 1-179
2026-08-13 05:30:00,117 INFO o.a.j.t.JMeterThread: Thread finished: Endurance - 300 VU sustained (no think) 1-179
2026-08-13 05:30:00,117 INFO o.a.j.t.JMeterThread: Stopping because end time detected by thread: Endurance - 300 VU sustained (no think) 1-19
2026-08-13 05:30:00,119 INFO o.a.j.t.JMeterThread: Stopping because end time detected by thread: Endurance - 300 VU sustained (no think) 1-3
2026-08-13 05:30:00,119 INFO o.a.j.t.JMeterThread: Thread finished: Endurance - 300 VU sustained (no think) 1-19
2026-08-13 05:30:00,119 INFO o.a.j.t.JMeterThread: Thread finished: Endurance - 300 VU sustained (no think) 1-3
2026-08-13 05:30:00,120 INFO o.a.j.t.JMeterThread: Stopping because end time detected by thread: Endurance - 300 VU sustained (no think) 1-204
2026-08-13 05:30:00,120 INFO o.a.j.t.JMeterThread: Thread finished: Endurance - 300 VU sustained (no think) 1-204
2026-08-13 05:30:00,121 INFO o.a.j.t.JMeterThread: Stopping because end time detected by thread: Endurance - 300 VU sustained (no think) 1-193
2026-08-13 05:30:00,121 INFO o.a.j.t.JMeterThread: Thread finished: Endurance - 300 VU sustained (no think) 1-193
2026-08-13 05:30:00,122 INFO o.a.j.t.JMeterThread: Stopping because end time detected by thread: Endurance - 300 VU sustained (no think) 1-7
2026-08-13 05:30:00,123 INFO o.a.j.t.JMeterThread: Stopping because end time detected by thread: Endurance - 300 VU sustained (no think) 1-250
2026-08-13 05:30:00,124 INFO o.a.j.t.JMeterThread: Thread finished: Endurance - 300 VU sustained (no think) 1-7
2026-08-13 05:30:00,124 INFO o.a.j.t.JMeterThread: Stopping because end time detected by thread: Endurance - 300 VU sustained (no think) 1-25
2026-08-13 05:30:00,124 INFO o.a.j.t.JMeterThread: Thread finished: Endurance - 300 VU sustained (no think) 1-250
2026-08-13 05:30:00,124 INFO o.a.j.t.JMeterThread: Thread finished: Endurance - 300 VU sustained (no think) 1-25
2026-08-13 05:30:00,124 INFO o.a.j.t.JMeterThread: Stopping because end time detected by thread: Endurance - 300 VU sustained (no think) 1-194
2026-08-13 05:30:00,125 INFO o.a.j.t.JMeterThread: Thread finished: Endurance - 300 VU sustained (no think) 1-194
2026-08-13 05:30:00,126 INFO o.a.j.t.JMeterThread: Stopping because end time detected by thread: Endurance - 300 VU sustained (no think) 1-23
2026-08-13 05:30:00,127 INFO o.a.j.t.JMeterThread: Stopping because end time detected by thread: Endurance - 300 VU sustained (no think) 1-119
2026-08-13 05:30:00,127 INFO o.a.j.t.JMeterThread: Thread finished: Endurance - 300 VU sustained (no think) 1-23
2026-08-13 05:30:00,127 INFO o.a.j.t.JMeterThread: Thread finished: Endurance - 300 VU sustained (no think) 1-119
2026-08-13 05:30:00,127 INFO o.a.j.t.JMeterThread: Stopping because end time detected by thread: Endurance - 300 VU sustained (no think) 1-163
2026-08-13 05:30:00,128 INFO o.a.j.t.JMeterThread: Thread finished: Endurance - 300 VU sustained (no think) 1-163
2026-08-13 05:30:00,133 INFO o.a.j.t.JMeterThread: Stopping because end time detected by thread: Endurance - 300 VU sustained (no think) 1-39
2026-08-13 05:30:00,133 INFO o.a.j.t.JMeterThread: Thread finished: Endurance - 300 VU sustained (no think) 1-39
2026-08-13 05:30:00,136 INFO o.a.j.t.JMeterThread: Stopping because end time detected by thread: Endurance - 300 VU sustained (no think) 1-104
2026-08-13 05:30:00,136 INFO o.a.j.t.JMeterThread: Thread finished: Endurance - 300 VU sustained (no think) 1-104
2026-08-13 05:30:00,180 INFO o.a.j.t.JMeterThread: Stopping because end time detected by thread: Endurance - 300 VU sustained (no think) 1-154
2026-08-13 05:30:00,180 INFO o.a.j.t.JMeterThread: Thread finished: Endurance - 300 VU sustained (no think) 1-154
2026-08-13 05:30:00,180 INFO o.a.j.t.JMeterThread: Stopping because end time detected by thread: Endurance - 300 VU sustained (no think) 1-162
2026-08-13 05:30:00,180 INFO o.a.j.t.JMeterThread: Thread finished: Endurance - 300 VU sustained (no think) 1-162
2026-08-13 05:30:00,182 INFO o.a.j.t.JMeterThread: Stopping because end time detected by thread: Endurance - 300 VU sustained (no think) 1-100
2026-08-13 05:30:00,182 INFO o.a.j.t.JMeterThread: Thread finished: Endurance - 300 VU sustained (no think) 1-100
2026-08-13 05:30:00,182 INFO o.a.j.t.JMeterThread: Stopping because end time detected by thread: Endurance - 300 VU sustained (no think) 1-97
2026-08-13 05:30:00,182 INFO o.a.j.t.JMeterThread: Thread finished: Endurance - 300 VU sustained (no think) 1-97
2026-08-13 05:30:00,183 INFO o.a.j.t.JMeterThread: Stopping because end time detected by thread: Endurance - 300 VU sustained (no think) 1-213
2026-08-13 05:30:00,183 INFO o.a.j.t.JMeterThread: Thread finished: Endurance - 300 VU sustained (no think) 1-213
2026-08-13 05:30:00,186 INFO o.a.j.t.JMeterThread: Stopping because end time detected by thread: Endurance - 300 VU sustained (no think) 1-114
2026-08-13 05:30:00,186 INFO o.a.j.t.JMeterThread: Thread finished: Endurance - 300 VU sustained (no think) 1-114
2026-08-13 05:30:00,187 INFO o.a.j.t.JMeterThread: Stopping because end time detected by thread: Endurance - 300 VU sustained (no think) 1-208
2026-08-13 05:30:00,187 INFO o.a.j.t.JMeterThread: Thread finished: Endurance - 300 VU sustained (no think) 1-208
2026-08-13 05:30:00,191 INFO o.a.j.t.JMeterThread: Stopping because end time detected by thread: Endurance - 300 VU sustained (no think) 1-36
2026-08-13 05:30:00,191 INFO o.a.j.t.JMeterThread: Thread finished: Endurance - 300 VU sustained (no think) 1-36
2026-08-13 05:30:00,194 INFO o.a.j.t.JMeterThread: Stopping because end time detected by thread: Endurance - 300 VU sustained (no think) 1-9
2026-08-13 05:30:00,194 INFO o.a.j.t.JMeterThread: Thread finished: Endurance - 300 VU sustained (no think) 1-9
2026-08-13 05:30:00,196 INFO o.a.j.t.JMeterThread: Stopping because end time detected by thread: Endurance - 300 VU sustained (no think) 1-49
2026-08-13 05:30:00,196 INFO o.a.j.t.JMeterThread: Thread finished: Endurance - 300 VU sustained (no think) 1-49
2026-08-13 05:30:00,199 INFO o.a.j.t.JMeterThread: Stopping because end time detected by thread: Endurance - 300 VU sustained (no think) 1-144
2026-08-13 05:30:00,199 INFO o.a.j.t.JMeterThread: Thread finished: Endurance - 300 VU sustained (no think) 1-144
2026-08-13 05:30:00,201 INFO o.a.j.t.JMeterThread: Stopping because end time detected by thread: Endurance - 300 VU sustained (no think) 1-148
2026-08-13 05:30:00,202 INFO o.a.j.t.JMeterThread: Thread finished: Endurance - 300 VU sustained (no think) 1-148
2026-08-13 05:30:00,204 INFO o.a.j.t.JMeterThread: Stopping because end time detected by thread: Endurance - 300 VU sustained (no think) 1-105
2026-08-13 05:30:00,204 INFO o.a.j.t.JMeterThread: Thread finished: Endurance - 300 VU sustained (no think) 1-105
2026-08-13 05:30:00,206 INFO o.a.j.t.JMeterThread: Stopping because end time detected by thread: Endurance - 300 VU sustained (no think) 1-82
2026-08-13 05:30:00,206 INFO o.a.j.t.JMeterThread: Thread finished: Endurance - 300 VU sustained (no think) 1-82
2026-08-13 05:30:00,209 INFO o.a.j.t.JMeterThread: Stopping because end time detected by thread: Endurance - 300 VU sustained (no think) 1-237
2026-08-13 05:30:00,209 INFO o.a.j.t.JMeterThread: Thread finished: Endurance - 300 VU sustained (no think) 1-237
2026-08-13 05:30:00,213 INFO o.a.j.t.JMeterThread: Stopping because end time detected by thread: Endurance - 300 VU sustained (no think) 1-77
2026-08-13 05:30:00,213 INFO o.a.j.t.JMeterThread: Thread finished: Endurance - 300 VU sustained (no think) 1-77
2026-08-13 05:30:00,219 INFO o.a.j.t.JMeterThread: Stopping because end time detected by thread: Endurance - 300 VU sustained (no think) 1-83
2026-08-13 05:30:00,219 INFO o.a.j.t.JMeterThread: Thread finished: Endurance - 300 VU sustained (no think) 1-83
2026-08-13 05:30:00,220 INFO o.a.j.t.JMeterThread: Stopping because end time detected by thread: Endurance - 300 VU sustained (no think) 1-138
2026-08-13 05:30:00,220 INFO o.a.j.t.JMeterThread: Thread finished: Endurance - 300 VU sustained (no think) 1-138
2026-08-13 05:30:00,223 INFO o.a.j.t.JMeterThread: Stopping because end time detected by thread: Endurance - 300 VU sustained (no think) 1-90
2026-08-13 05:30:00,223 INFO o.a.j.t.JMeterThread: Thread finished: Endurance - 300 VU sustained (no think) 1-90
2026-08-13 05:30:00,225 INFO o.a.j.t.JMeterThread: Stopping because end time detected by thread: Endurance - 300 VU sustained (no think) 1-69
2026-08-13 05:30:00,226 INFO o.a.j.t.JMeterThread: Thread finished: Endurance - 300 VU sustained (no think) 1-69
2026-08-13 05:30:00,228 INFO o.a.j.t.JMeterThread: Stopping because end time detected by thread: Endurance - 300 VU sustained (no think) 1-245
2026-08-13 05:30:00,228 INFO o.a.j.t.JMeterThread: Thread finished: Endurance - 300 VU sustained (no think) 1-245
2026-08-13 05:30:00,231 INFO o.a.j.t.JMeterThread: Stopping because end time detected by thread: Endurance - 300 VU sustained (no think) 1-200
2026-08-13 05:30:00,231 INFO o.a.j.t.JMeterThread: Thread finished: Endurance - 300 VU sustained (no think) 1-200
2026-08-13 05:30:00,236 INFO o.a.j.t.JMeterThread: Stopping because end time detected by thread: Endurance - 300 VU sustained (no think) 1-67
2026-08-13 05:30:00,236 INFO o.a.j.t.JMeterThread: Thread finished: Endurance - 300 VU sustained (no think) 1-67
2026-08-13 05:30:00,237 INFO o.a.j.t.JMeterThread: Stopping because end time detected by thread: Endurance - 300 VU sustained (no think) 1-11
2026-08-13 05:30:00,239 INFO o.a.j.t.JMeterThread: Thread finished: Endurance - 300 VU sustained (no think) 1-11
2026-08-13 05:30:00,241 INFO o.a.j.t.JMeterThread: Stopping because end time detected by thread: Endurance - 300 VU sustained (no think) 1-78
2026-08-13 05:30:00,241 INFO o.a.j.t.JMeterThread: Thread finished: Endurance - 300 VU sustained (no think) 1-78
2026-08-13 05:30:00,243 INFO o.a.j.t.JMeterThread: Stopping because end time detected by thread: Endurance - 300 VU sustained (no think) 1-141
2026-08-13 05:30:00,243 INFO o.a.j.t.JMeterThread: Thread finished: Endurance - 300 VU sustained (no think) 1-141
2026-08-13 05:30:00,246 INFO o.a.j.t.JMeterThread: Stopping because end time detected by thread: Endurance - 300 VU sustained (no think) 1-226
2026-08-13 05:30:00,246 INFO o.a.j.t.JMeterThread: Thread finished: Endurance - 300 VU sustained (no think) 1-226
2026-08-13 05:30:00,246 INFO o.a.j.t.JMeterThread: Stopping because end time detected by thread: Endurance - 300 VU sustained (no think) 1-255
2026-08-13 05:30:00,246 INFO o.a.j.t.JMeterThread: Thread finished: Endurance - 300 VU sustained (no think) 1-255
2026-08-13 05:30:00,248 INFO o.a.j.t.JMeterThread: Stopping because end time detected by thread: Endurance - 300 VU sustained (no think) 1-45
2026-08-13 05:30:00,248 INFO o.a.j.t.JMeterThread: Thread finished: Endurance - 300 VU sustained (no think) 1-45
2026-08-13 05:30:00,250 INFO o.a.j.t.JMeterThread: Stopping because end time detected by thread: Endurance - 300 VU sustained (no think) 1-124
2026-08-13 05:30:00,250 INFO o.a.j.t.JMeterThread: Thread finished: Endurance - 300 VU sustained (no think) 1-124
2026-08-13 05:30:00,252 INFO o.a.j.t.JMeterThread: Stopping because end time detected by thread: Endurance - 300 VU sustained (no think) 1-174
2026-08-13 05:30:00,252 INFO o.a.j.t.JMeterThread: Thread finished: Endurance - 300 VU sustained (no think) 1-174
2026-08-13 05:30:00,252 INFO o.a.j.t.JMeterThread: Stopping because end time detected by thread: Endurance - 300 VU sustained (no think) 1-30
2026-08-13 05:30:00,252 INFO o.a.j.t.JMeterThread: Thread finished: Endurance - 300 VU sustained (no think) 1-30
2026-08-13 05:30:00,253 INFO o.a.j.t.JMeterThread: Stopping because end time detected by thread: Endurance - 300 VU sustained (no think) 1-209
2026-08-13 05:30:00,253 INFO o.a.j.t.JMeterThread: Thread finished: Endurance - 300 VU sustained (no think) 1-209
2026-08-13 05:30:00,253 INFO o.a.j.t.JMeterThread: Stopping because end time detected by thread: Endurance - 300 VU sustained (no think) 1-151
2026-08-13 05:30:00,253 INFO o.a.j.t.JMeterThread: Thread finished: Endurance - 300 VU sustained (no think) 1-151
2026-08-13 05:30:00,253 INFO o.a.j.t.JMeterThread: Stopping because end time detected by thread: Endurance - 300 VU sustained (no think) 1-40
2026-08-13 05:30:00,253 INFO o.a.j.t.JMeterThread: Thread finished: Endurance - 300 VU sustained (no think) 1-40
2026-08-13 05:30:00,254 INFO o.a.j.t.JMeterThread: Stopping because end time detected by thread: Endurance - 300 VU sustained (no think) 1-107
2026-08-13 05:30:00,254 INFO o.a.j.t.JMeterThread: Thread finished: Endurance - 300 VU sustained (no think) 1-107
2026-08-13 05:30:00,254 INFO o.a.j.t.JMeterThread: Stopping because end time detected by thread: Endurance - 300 VU sustained (no think) 1-215
2026-08-13 05:30:00,256 INFO o.a.j.t.JMeterThread: Thread finished: Endurance - 300 VU sustained (no think) 1-215
2026-08-13 05:30:00,256 INFO o.a.j.t.JMeterThread: Stopping because end time detected by thread: Endurance - 300 VU sustained (no think) 1-175
2026-08-13 05:30:00,256 INFO o.a.j.t.JMeterThread: Thread finished: Endurance - 300 VU sustained (no think) 1-175
2026-08-13 05:30:00,256 INFO o.a.j.t.JMeterThread: Stopping because end time detected by thread: Endurance - 300 VU sustained (no think) 1-22
2026-08-13 05:30:00,257 INFO o.a.j.t.JMeterThread: Thread finished: Endurance - 300 VU sustained (no think) 1-22
2026-08-13 05:30:00,257 INFO o.a.j.t.JMeterThread: Stopping because end time detected by thread: Endurance - 300 VU sustained (no think) 1-252
2026-08-13 05:30:00,257 INFO o.a.j.t.JMeterThread: Thread finished: Endurance - 300 VU sustained (no think) 1-252
2026-08-13 05:30:00,257 INFO o.a.j.t.JMeterThread: Stopping because end time detected by thread: Endurance - 300 VU sustained (no think) 1-198
2026-08-13 05:30:00,257 INFO o.a.j.t.JMeterThread: Thread finished: Endurance - 300 VU sustained (no think) 1-198
2026-08-13 05:30:00,257 INFO o.a.j.t.JMeterThread: Stopping because end time detected by thread: Endurance - 300 VU sustained (no think) 1-139
2026-08-13 05:30:00,257 INFO o.a.j.t.JMeterThread: Thread finished: Endurance - 300 VU sustained (no think) 1-139
2026-08-13 05:30:00,259 INFO o.a.j.t.JMeterThread: Stopping because end time detected by thread: Endurance - 300 VU sustained (no think) 1-131
2026-08-13 05:30:00,259 INFO o.a.j.t.JMeterThread: Thread finished: Endurance - 300 VU sustained (no think) 1-131
2026-08-13 05:30:00,259 INFO o.a.j.t.JMeterThread: Stopping because end time detected by thread: Endurance - 300 VU sustained (no think) 1-66
2026-08-13 05:30:00,259 INFO o.a.j.t.JMeterThread: Thread finished: Endurance - 300 VU sustained (no think) 1-66
2026-08-13 05:30:00,260 INFO o.a.j.t.JMeterThread: Stopping because end time detected by thread: Endurance - 300 VU sustained (no think) 1-48
2026-08-13 05:30:00,260 INFO o.a.j.t.JMeterThread: Thread finished: Endurance - 300 VU sustained (no think) 1-48
2026-08-13 05:30:00,260 INFO o.a.j.t.JMeterThread: Stopping because end time detected by thread: Endurance - 300 VU sustained (no think) 1-87
2026-08-13 05:30:00,260 INFO o.a.j.t.JMeterThread: Thread finished: Endurance - 300 VU sustained (no think) 1-87
2026-08-13 05:30:00,261 INFO o.a.j.t.JMeterThread: Stopping because end time detected by thread: Endurance - 300 VU sustained (no think) 1-182
2026-08-13 05:30:00,261 INFO o.a.j.t.JMeterThread: Stopping because end time detected by thread: Endurance - 300 VU sustained (no think) 1-85
2026-08-13 05:30:00,261 INFO o.a.j.t.JMeterThread: Thread finished: Endurance - 300 VU sustained (no think) 1-182
2026-08-13 05:30:00,261 INFO o.a.j.t.JMeterThread: Thread finished: Endurance - 300 VU sustained (no think) 1-85
2026-08-13 05:30:00,261 INFO o.a.j.t.JMeterThread: Stopping because end time detected by thread: Endurance - 300 VU sustained (no think) 1-183
2026-08-13 05:30:00,261 INFO o.a.j.t.JMeterThread: Thread finished: Endurance - 300 VU sustained (no think) 1-183
2026-08-13 05:30:00,261 INFO o.a.j.t.JMeterThread: Stopping because end time detected by thread: Endurance - 300 VU sustained (no think) 1-224
2026-08-13 05:30:00,263 INFO o.a.j.t.JMeterThread: Thread finished: Endurance - 300 VU sustained (no think) 1-224
2026-08-13 05:30:00,263 INFO o.a.j.t.JMeterThread: Stopping because end time detected by thread: Endurance - 300 VU sustained (no think) 1-60
2026-08-13 05:30:00,263 INFO o.a.j.t.JMeterThread: Thread finished: Endurance - 300 VU sustained (no think) 1-60
2026-08-13 05:30:00,264 INFO o.a.j.t.JMeterThread: Stopping because end time detected by thread: Endurance - 300 VU sustained (no think) 1-103
2026-08-13 05:30:00,264 INFO o.a.j.t.JMeterThread: Thread finished: Endurance - 300 VU sustained (no think) 1-103
2026-08-13 05:30:00,264 INFO o.a.j.t.JMeterThread: Stopping because end time detected by thread: Endurance - 300 VU sustained (no think) 1-218
2026-08-13 05:30:00,264 INFO o.a.j.t.JMeterThread: Thread finished: Endurance - 300 VU sustained (no think) 1-218
2026-08-13 05:30:00,264 INFO o.a.j.t.JMeterThread: Stopping because end time detected by thread: Endurance - 300 VU sustained (no think) 1-155
2026-08-13 05:30:00,264 INFO o.a.j.t.JMeterThread: Thread finished: Endurance - 300 VU sustained (no think) 1-155
2026-08-13 05:30:00,265 INFO o.a.j.t.JMeterThread: Stopping because end time detected by thread: Endurance - 300 VU sustained (no think) 1-187
2026-08-13 05:30:00,265 INFO o.a.j.t.JMeterThread: Thread finished: Endurance - 300 VU sustained (no think) 1-187
2026-08-13 05:30:00,265 INFO o.a.j.t.JMeterThread: Stopping because end time detected by thread: Endurance - 300 VU sustained (no think) 1-118
2026-08-13 05:30:00,266 INFO o.a.j.t.JMeterThread: Thread finished: Endurance - 300 VU sustained (no think) 1-118
2026-08-13 05:30:00,266 INFO o.a.j.t.JMeterThread: Stopping because end time detected by thread: Endurance - 300 VU sustained (no think) 1-113
2026-08-13 05:30:00,266 INFO o.a.j.t.JMeterThread: Thread finished: Endurance - 300 VU sustained (no think) 1-113
2026-08-13 05:30:00,266 INFO o.a.j.t.JMeterThread: Stopping because end time detected by thread: Endurance - 300 VU sustained (no think) 1-214
2026-08-13 05:30:00,266 INFO o.a.j.t.JMeterThread: Thread finished: Endurance - 300 VU sustained (no think) 1-214
2026-08-13 05:30:00,266 INFO o.a.j.t.JMeterThread: Stopping because end time detected by thread: Endurance - 300 VU sustained (no think) 1-130
2026-08-13 05:30:00,267 INFO o.a.j.t.JMeterThread: Thread finished: Endurance - 300 VU sustained (no think) 1-130
2026-08-13 05:30:00,267 INFO o.a.j.t.JMeterThread: Stopping because end time detected by thread: Endurance - 300 VU sustained (no think) 1-123
2026-08-13 05:30:00,267 INFO o.a.j.t.JMeterThread: Thread finished: Endurance - 300 VU sustained (no think) 1-123
2026-08-13 05:30:00,267 INFO o.a.j.t.JMeterThread: Stopping because end time detected by thread: Endurance - 300 VU sustained (no think) 1-126
2026-08-13 05:30:00,267 INFO o.a.j.t.JMeterThread: Thread finished: Endurance - 300 VU sustained (no think) 1-126
2026-08-13 05:30:00,268 INFO o.a.j.t.JMeterThread: Stopping because end time detected by thread: Endurance - 300 VU sustained (no think) 1-247
2026-08-13 05:30:00,268 INFO o.a.j.t.JMeterThread: Thread finished: Endurance - 300 VU sustained (no think) 1-247
2026-08-13 05:30:00,268 INFO o.a.j.t.JMeterThread: Stopping because end time detected by thread: Endurance - 300 VU sustained (no think) 1-196
2026-08-13 05:30:00,268 INFO o.a.j.t.JMeterThread: Thread finished: Endurance - 300 VU sustained (no think) 1-196
2026-08-13 05:30:00,269 INFO o.a.j.t.JMeterThread: Stopping because end time detected by thread: Endurance - 300 VU sustained (no think) 1-158
2026-08-13 05:30:00,269 INFO o.a.j.t.JMeterThread: Stopping because end time detected by thread: Endurance - 300 VU sustained (no think) 1-199
2026-08-13 05:30:00,269 INFO o.a.j.t.JMeterThread: Thread finished: Endurance - 300 VU sustained (no think) 1-158
2026-08-13 05:30:00,269 INFO o.a.j.t.JMeterThread: Thread finished: Endurance - 300 VU sustained (no think) 1-199
2026-08-13 05:30:00,269 INFO o.a.j.t.JMeterThread: Stopping because end time detected by thread: Endurance - 300 VU sustained (no think) 1-58
2026-08-13 05:30:00,269 INFO o.a.j.t.JMeterThread: Thread finished: Endurance - 300 VU sustained (no think) 1-58
2026-08-13 05:30:00,271 INFO o.a.j.t.JMeterThread: Stopping because end time detected by thread: Endurance - 300 VU sustained (no think) 1-238
2026-08-13 05:30:00,271 INFO o.a.j.t.JMeterThread: Thread finished: Endurance - 300 VU sustained (no think) 1-238
2026-08-13 05:30:00,271 INFO o.a.j.t.JMeterThread: Stopping because end time detected by thread: Endurance - 300 VU sustained (no think) 1-88
2026-08-13 05:30:00,271 INFO o.a.j.t.JMeterThread: Thread finished: Endurance - 300 VU sustained (no think) 1-88
2026-08-13 05:30:00,271 INFO o.a.j.t.JMeterThread: Stopping because end time detected by thread: Endurance - 300 VU sustained (no think) 1-211
2026-08-13 05:30:00,272 INFO o.a.j.t.JMeterThread: Thread finished: Endurance - 300 VU sustained (no think) 1-211
2026-08-13 05:30:00,272 INFO o.a.j.t.JMeterThread: Stopping because end time detected by thread: Endurance - 300 VU sustained (no think) 1-29
2026-08-13 05:30:00,272 INFO o.a.j.t.JMeterThread: Thread finished: Endurance - 300 VU sustained (no think) 1-29
2026-08-13 05:30:00,272 INFO o.a.j.t.JMeterThread: Stopping because end time detected by thread: Endurance - 300 VU sustained (no think) 1-62
2026-08-13 05:30:00,272 INFO o.a.j.t.JMeterThread: Thread finished: Endurance - 300 VU sustained (no think) 1-62
2026-08-13 05:30:00,272 INFO o.a.j.t.JMeterThread: Stopping because end time detected by thread: Endurance - 300 VU sustained (no think) 1-235
2026-08-13 05:30:00,272 INFO o.a.j.t.JMeterThread: Thread finished: Endurance - 300 VU sustained (no think) 1-235
2026-08-13 05:30:00,273 INFO o.a.j.t.JMeterThread: Stopping because end time detected by thread: Endurance - 300 VU sustained (no think) 1-251
2026-08-13 05:30:00,273 INFO o.a.j.t.JMeterThread: Thread finished: Endurance - 300 VU sustained (no think) 1-251
2026-08-13 05:30:00,273 INFO o.a.j.t.JMeterThread: Stopping because end time detected by thread: Endurance - 300 VU sustained (no think) 1-52
2026-08-13 05:30:00,273 INFO o.a.j.t.JMeterThread: Thread finished: Endurance - 300 VU sustained (no think) 1-52
2026-08-13 05:30:00,273 INFO o.a.j.t.JMeterThread: Stopping because end time detected by thread: Endurance - 300 VU sustained (no think) 1-70
2026-08-13 05:30:00,274 INFO o.a.j.t.JMeterThread: Thread finished: Endurance - 300 VU sustained (no think) 1-70
2026-08-13 05:30:00,274 INFO o.a.j.t.JMeterThread: Stopping because end time detected by thread: Endurance - 300 VU sustained (no think) 1-27
2026-08-13 05:30:00,274 INFO o.a.j.t.JMeterThread: Thread finished: Endurance - 300 VU sustained (no think) 1-27
2026-08-13 05:30:00,274 INFO o.a.j.t.JMeterThread: Stopping because end time detected by thread: Endurance - 300 VU sustained (no think) 1-75
2026-08-13 05:30:00,274 INFO o.a.j.t.JMeterThread: Thread finished: Endurance - 300 VU sustained (no think) 1-75
2026-08-13 05:30:00,275 INFO o.a.j.t.JMeterThread: Stopping because end time detected by thread: Endurance - 300 VU sustained (no think) 1-227
2026-08-13 05:30:00,275 INFO o.a.j.t.JMeterThread: Thread finished: Endurance - 300 VU sustained (no think) 1-227
2026-08-13 05:30:00,276 INFO o.a.j.t.JMeterThread: Stopping because end time detected by thread: Endurance - 300 VU sustained (no think) 1-191
2026-08-13 05:30:00,276 INFO o.a.j.t.JMeterThread: Thread finished: Endurance - 300 VU sustained (no think) 1-191
2026-08-13 05:30:00,276 INFO o.a.j.t.JMeterThread: Stopping because end time detected by thread: Endurance - 300 VU sustained (no think) 1-219
2026-08-13 05:30:00,276 INFO o.a.j.t.JMeterThread: Thread finished: Endurance - 300 VU sustained (no think) 1-219
2026-08-13 05:30:00,277 INFO o.a.j.t.JMeterThread: Stopping because end time detected by thread: Endurance - 300 VU sustained (no think) 1-140
2026-08-13 05:30:00,277 INFO o.a.j.t.JMeterThread: Thread finished: Endurance - 300 VU sustained (no think) 1-140
2026-08-13 05:30:00,277 INFO o.a.j.t.JMeterThread: Stopping because end time detected by thread: Endurance - 300 VU sustained (no think) 1-165
2026-08-13 05:30:00,277 INFO o.a.j.t.JMeterThread: Thread finished: Endurance - 300 VU sustained (no think) 1-165
2026-08-13 05:30:00,277 INFO o.a.j.t.JMeterThread: Stopping because end time detected by thread: Endurance - 300 VU sustained (no think) 1-243
2026-08-13 05:30:00,277 INFO o.a.j.t.JMeterThread: Thread finished: Endurance - 300 VU sustained (no think) 1-243
2026-08-13 05:30:00,277 INFO o.a.j.t.JMeterThread: Stopping because end time detected by thread: Endurance - 300 VU sustained (no think) 1-37
2026-08-13 05:30:00,277 INFO o.a.j.t.JMeterThread: Thread finished: Endurance - 300 VU sustained (no think) 1-37
2026-08-13 05:30:00,279 INFO o.a.j.t.JMeterThread: Stopping because end time detected by thread: Endurance - 300 VU sustained (no think) 1-159
2026-08-13 05:30:00,279 INFO o.a.j.t.JMeterThread: Thread finished: Endurance - 300 VU sustained (no think) 1-159
2026-08-13 05:30:00,279 INFO o.a.j.t.JMeterThread: Stopping because end time detected by thread: Endurance - 300 VU sustained (no think) 1-184
2026-08-13 05:30:00,279 INFO o.a.j.t.JMeterThread: Thread finished: Endurance - 300 VU sustained (no think) 1-184
2026-08-13 05:30:00,279 INFO o.a.j.t.JMeterThread: Stopping because end time detected by thread: Endurance - 300 VU sustained (no think) 1-146
2026-08-13 05:30:00,279 INFO o.a.j.t.JMeterThread: Thread finished: Endurance - 300 VU sustained (no think) 1-146
2026-08-13 05:30:00,280 INFO o.a.j.t.JMeterThread: Stopping because end time detected by thread: Endurance - 300 VU sustained (no think) 1-116
2026-08-13 05:30:00,280 INFO o.a.j.t.JMeterThread: Thread finished: Endurance - 300 VU sustained (no think) 1-116
2026-08-13 05:30:00,280 INFO o.a.j.t.JMeterThread: Stopping because end time detected by thread: Endurance - 300 VU sustained (no think) 1-210
2026-08-13 05:30:00,281 INFO o.a.j.t.JMeterThread: Thread finished: Endurance - 300 VU sustained (no think) 1-210
2026-08-13 05:30:00,281 INFO o.a.j.t.JMeterThread: Stopping because end time detected by thread: Endurance - 300 VU sustained (no think) 1-111
2026-08-13 05:30:00,281 INFO o.a.j.t.JMeterThread: Thread finished: Endurance - 300 VU sustained (no think) 1-111
2026-08-13 05:30:00,281 INFO o.a.j.t.JMeterThread: Stopping because end time detected by thread: Endurance - 300 VU sustained (no think) 1-239
2026-08-13 05:30:00,282 INFO o.a.j.t.JMeterThread: Thread finished: Endurance - 300 VU sustained (no think) 1-239
2026-08-13 05:30:00,282 INFO o.a.j.t.JMeterThread: Stopping because end time detected by thread: Endurance - 300 VU sustained (no think) 1-54
2026-08-13 05:30:00,282 INFO o.a.j.t.JMeterThread: Thread finished: Endurance - 300 VU sustained (no think) 1-54
2026-08-13 05:30:00,282 INFO o.a.j.t.JMeterThread: Stopping because end time detected by thread: Endurance - 300 VU sustained (no think) 1-192
2026-08-13 05:30:00,282 INFO o.a.j.t.JMeterThread: Thread finished: Endurance - 300 VU sustained (no think) 1-192
2026-08-13 05:30:00,283 INFO o.a.j.t.JMeterThread: Stopping because end time detected by thread: Endurance - 300 VU sustained (no think) 1-256
2026-08-13 05:30:00,283 INFO o.a.j.t.JMeterThread: Thread finished: Endurance - 300 VU sustained (no think) 1-256
2026-08-13 05:30:00,283 INFO o.a.j.t.JMeterThread: Stopping because end time detected by thread: Endurance - 300 VU sustained (no think) 1-15
2026-08-13 05:30:00,283 INFO o.a.j.t.JMeterThread: Thread finished: Endurance - 300 VU sustained (no think) 1-15
2026-08-13 05:30:00,284 INFO o.a.j.t.JMeterThread: Stopping because end time detected by thread: Endurance - 300 VU sustained (no think) 1-137
2026-08-13 05:30:00,284 INFO o.a.j.t.JMeterThread: Thread finished: Endurance - 300 VU sustained (no think) 1-137
2026-08-13 05:30:00,284 INFO o.a.j.t.JMeterThread: Stopping because end time detected by thread: Endurance - 300 VU sustained (no think) 1-172
2026-08-13 05:30:00,284 INFO o.a.j.t.JMeterThread: Thread finished: Endurance - 300 VU sustained (no think) 1-172
2026-08-13 05:30:00,285 INFO o.a.j.t.JMeterThread: Stopping because end time detected by thread: Endurance - 300 VU sustained (no think) 1-98
2026-08-13 05:30:00,285 INFO o.a.j.t.JMeterThread: Thread finished: Endurance - 300 VU sustained (no think) 1-98
2026-08-13 05:30:00,286 INFO o.a.j.t.JMeterThread: Stopping because end time detected by thread: Endurance - 300 VU sustained (no think) 1-142
2026-08-13 05:30:00,286 INFO o.a.j.t.JMeterThread: Thread finished: Endurance - 300 VU sustained (no think) 1-142
2026-08-13 05:30:00,286 INFO o.a.j.t.JMeterThread: Stopping because end time detected by thread: Endurance - 300 VU sustained (no think) 1-240
2026-08-13 05:30:00,286 INFO o.a.j.t.JMeterThread: Thread finished: Endurance - 300 VU sustained (no think) 1-240
2026-08-13 05:30:00,288 INFO o.a.j.t.JMeterThread: Stopping because end time detected by thread: Endurance - 300 VU sustained (no think) 1-50
2026-08-13 05:30:00,289 INFO o.a.j.t.JMeterThread: Thread finished: Endurance - 300 VU sustained (no think) 1-50
2026-08-13 05:30:00,293 INFO o.a.j.t.JMeterThread: Stopping because end time detected by thread: Endurance - 300 VU sustained (no think) 1-129
2026-08-13 05:30:00,293 INFO o.a.j.t.JMeterThread: Thread finished: Endurance - 300 VU sustained (no think) 1-129
2026-08-13 05:30:00,295 INFO o.a.j.t.JMeterThread: Stopping because end time detected by thread: Endurance - 300 VU sustained (no think) 1-91
2026-08-13 05:30:00,295 INFO o.a.j.t.JMeterThread: Thread finished: Endurance - 300 VU sustained (no think) 1-91
2026-08-13 05:30:00,297 INFO o.a.j.t.JMeterThread: Stopping because end time detected by thread: Endurance - 300 VU sustained (no think) 1-265
2026-08-13 05:30:00,297 INFO o.a.j.t.JMeterThread: Thread finished: Endurance - 300 VU sustained (no think) 1-265
2026-08-13 05:30:00,300 INFO o.a.j.t.JMeterThread: Stopping because end time detected by thread: Endurance - 300 VU sustained (no think) 1-44
2026-08-13 05:30:00,300 INFO o.a.j.t.JMeterThread: Thread finished: Endurance - 300 VU sustained (no think) 1-44
2026-08-13 05:30:00,302 INFO o.a.j.t.JMeterThread: Stopping because end time detected by thread: Endurance - 300 VU sustained (no think) 1-76
2026-08-13 05:30:00,302 INFO o.a.j.t.JMeterThread: Thread finished: Endurance - 300 VU sustained (no think) 1-76
2026-08-13 05:30:00,304 INFO o.a.j.t.JMeterThread: Stopping because end time detected by thread: Endurance - 300 VU sustained (no think) 1-38
2026-08-13 05:30:00,304 INFO o.a.j.t.JMeterThread: Thread finished: Endurance - 300 VU sustained (no think) 1-38
2026-08-13 05:30:00,306 INFO o.a.j.t.JMeterThread: Stopping because end time detected by thread: Endurance - 300 VU sustained (no think) 1-20
2026-08-13 05:30:00,306 INFO o.a.j.t.JMeterThread: Thread finished: Endurance - 300 VU sustained (no think) 1-20
2026-08-13 05:30:00,309 INFO o.a.j.t.JMeterThread: Stopping because end time detected by thread: Endurance - 300 VU sustained (no think) 1-132
2026-08-13 05:30:00,309 INFO o.a.j.t.JMeterThread: Thread finished: Endurance - 300 VU sustained (no think) 1-132
2026-08-13 05:30:00,311 INFO o.a.j.t.JMeterThread: Stopping because end time detected by thread: Endurance - 300 VU sustained (no think) 1-10
2026-08-13 05:30:00,312 INFO o.a.j.t.JMeterThread: Thread finished: Endurance - 300 VU sustained (no think) 1-10
2026-08-13 05:30:00,313 INFO o.a.j.t.JMeterThread: Stopping because end time detected by thread: Endurance - 300 VU sustained (no think) 1-95
2026-08-13 05:30:00,314 INFO o.a.j.t.JMeterThread: Thread finished: Endurance - 300 VU sustained (no think) 1-95
2026-08-13 05:30:00,316 INFO o.a.j.t.JMeterThread: Stopping because end time detected by thread: Endurance - 300 VU sustained (no think) 1-26
2026-08-13 05:30:00,316 INFO o.a.j.t.JMeterThread: Thread finished: Endurance - 300 VU sustained (no think) 1-26
2026-08-13 05:30:00,317 INFO o.a.j.t.JMeterThread: Stopping because end time detected by thread: Endurance - 300 VU sustained (no think) 1-149
2026-08-13 05:30:00,317 INFO o.a.j.t.JMeterThread: Thread finished: Endurance - 300 VU sustained (no think) 1-149
2026-08-13 05:30:00,320 INFO o.a.j.t.JMeterThread: Stopping because end time detected by thread: Endurance - 300 VU sustained (no think) 1-5
2026-08-13 05:30:00,320 INFO o.a.j.t.JMeterThread: Thread finished: Endurance - 300 VU sustained (no think) 1-5
2026-08-13 05:30:00,322 INFO o.a.j.t.JMeterThread: Stopping because end time detected by thread: Endurance - 300 VU sustained (no think) 1-188
2026-08-13 05:30:00,322 INFO o.a.j.t.JMeterThread: Thread finished: Endurance - 300 VU sustained (no think) 1-188
2026-08-13 05:30:00,324 INFO o.a.j.t.JMeterThread: Stopping because end time detected by thread: Endurance - 300 VU sustained (no think) 1-14
2026-08-13 05:30:00,324 INFO o.a.j.t.JMeterThread: Thread finished: Endurance - 300 VU sustained (no think) 1-14
2026-08-13 05:30:00,326 INFO o.a.j.t.JMeterThread: Stopping because end time detected by thread: Endurance - 300 VU sustained (no think) 1-195
2026-08-13 05:30:00,326 INFO o.a.j.t.JMeterThread: Thread finished: Endurance - 300 VU sustained (no think) 1-195
2026-08-13 05:30:00,329 INFO o.a.j.t.JMeterThread: Stopping because end time detected by thread: Endurance - 300 VU sustained (no think) 1-217
2026-08-13 05:30:00,329 INFO o.a.j.t.JMeterThread: Thread finished: Endurance - 300 VU sustained (no think) 1-217
2026-08-13 05:30:00,331 INFO o.a.j.t.JMeterThread: Stopping because end time detected by thread: Endurance - 300 VU sustained (no think) 1-17
2026-08-13 05:30:00,331 INFO o.a.j.t.JMeterThread: Thread finished: Endurance - 300 VU sustained (no think) 1-17
2026-08-13 05:30:00,333 INFO o.a.j.t.JMeterThread: Stopping because end time detected by thread: Endurance - 300 VU sustained (no think) 1-201
2026-08-13 05:30:00,334 INFO o.a.j.t.JMeterThread: Thread finished: Endurance - 300 VU sustained (no think) 1-201
2026-08-13 05:30:00,337 INFO o.a.j.t.JMeterThread: Stopping because end time detected by thread: Endurance - 300 VU sustained (no think) 1-203
2026-08-13 05:30:00,337 INFO o.a.j.t.JMeterThread: Thread finished: Endurance - 300 VU sustained (no think) 1-203
2026-08-13 05:30:00,340 INFO o.a.j.t.JMeterThread: Stopping because end time detected by thread: Endurance - 300 VU sustained (no think) 1-176
2026-08-13 05:30:00,340 INFO o.a.j.t.JMeterThread: Thread finished: Endurance - 300 VU sustained (no think) 1-176
2026-08-13 05:30:00,340 INFO o.a.j.t.JMeterThread: Stopping because end time detected by thread: Endurance - 300 VU sustained (no think) 1-41
2026-08-13 05:30:00,340 INFO o.a.j.t.JMeterThread: Thread finished: Endurance - 300 VU sustained (no think) 1-41
2026-08-13 05:30:00,341 INFO o.a.j.t.JMeterThread: Stopping because end time detected by thread: Endurance - 300 VU sustained (no think) 1-2
2026-08-13 05:30:00,341 INFO o.a.j.t.JMeterThread: Thread finished: Endurance - 300 VU sustained (no think) 1-2
2026-08-13 05:30:00,341 INFO o.a.j.t.JMeterThread: Stopping because end time detected by thread: Endurance - 300 VU sustained (no think) 1-160
2026-08-13 05:30:00,341 INFO o.a.j.t.JMeterThread: Thread finished: Endurance - 300 VU sustained (no think) 1-160
2026-08-13 05:30:00,341 INFO o.a.j.t.JMeterThread: Stopping because end time detected by thread: Endurance - 300 VU sustained (no think) 1-157
2026-08-13 05:30:00,341 INFO o.a.j.t.JMeterThread: Thread finished: Endurance - 300 VU sustained (no think) 1-157
2026-08-13 05:30:00,341 INFO o.a.j.t.JMeterThread: Stopping because end time detected by thread: Endurance - 300 VU sustained (no think) 1-223
2026-08-13 05:30:00,341 INFO o.a.j.t.JMeterThread: Thread finished: Endurance - 300 VU sustained (no think) 1-223
2026-08-13 05:30:00,343 INFO o.a.j.t.JMeterThread: Stopping because end time detected by thread: Endurance - 300 VU sustained (no think) 1-234
2026-08-13 05:30:00,343 INFO o.a.j.t.JMeterThread: Thread finished: Endurance - 300 VU sustained (no think) 1-234
2026-08-13 05:30:00,344 INFO o.a.j.t.JMeterThread: Stopping because end time detected by thread: Endurance - 300 VU sustained (no think) 1-186
2026-08-13 05:30:00,344 INFO o.a.j.t.JMeterThread: Thread finished: Endurance - 300 VU sustained (no think) 1-186
2026-08-13 05:30:00,344 INFO o.a.j.t.JMeterThread: Stopping because end time detected by thread: Endurance - 300 VU sustained (no think) 1-96
2026-08-13 05:30:00,344 INFO o.a.j.t.JMeterThread: Thread finished: Endurance - 300 VU sustained (no think) 1-96
2026-08-13 05:30:00,344 INFO o.a.j.t.JMeterThread: Stopping because end time detected by thread: Endurance - 300 VU sustained (no think) 1-225
2026-08-13 05:30:00,345 INFO o.a.j.t.JMeterThread: Thread finished: Endurance - 300 VU sustained (no think) 1-225
2026-08-13 05:30:00,345 INFO o.a.j.t.JMeterThread: Stopping because end time detected by thread: Endurance - 300 VU sustained (no think) 1-270
2026-08-13 05:30:00,345 INFO o.a.j.t.JMeterThread: Thread finished: Endurance - 300 VU sustained (no think) 1-270
2026-08-13 05:30:00,345 INFO o.a.j.t.JMeterThread: Stopping because end time detected by thread: Endurance - 300 VU sustained (no think) 1-212
2026-08-13 05:30:00,346 INFO o.a.j.t.JMeterThread: Thread finished: Endurance - 300 VU sustained (no think) 1-212
2026-08-13 05:30:00,346 INFO o.a.j.t.JMeterThread: Stopping because end time detected by thread: Endurance - 300 VU sustained (no think) 1-229
2026-08-13 05:30:00,346 INFO o.a.j.t.JMeterThread: Thread finished: Endurance - 300 VU sustained (no think) 1-229
2026-08-13 05:30:00,346 INFO o.a.j.t.JMeterThread: Stopping because end time detected by thread: Endurance - 300 VU sustained (no think) 1-80
2026-08-13 05:30:00,346 INFO o.a.j.t.JMeterThread: Thread finished: Endurance - 300 VU sustained (no think) 1-80
2026-08-13 05:30:00,347 INFO o.a.j.t.JMeterThread: Stopping because end time detected by thread: Endurance - 300 VU sustained (no think) 1-185
2026-08-13 05:30:00,347 INFO o.a.j.t.JMeterThread: Thread finished: Endurance - 300 VU sustained (no think) 1-185
2026-08-13 05:30:00,348 INFO o.a.j.t.JMeterThread: Stopping because end time detected by thread: Endurance - 300 VU sustained (no think) 1-259
2026-08-13 05:30:00,348 INFO o.a.j.t.JMeterThread: Thread finished: Endurance - 300 VU sustained (no think) 1-259
2026-08-13 05:30:00,348 INFO o.a.j.t.JMeterThread: Stopping because end time detected by thread: Endurance - 300 VU sustained (no think) 1-35
2026-08-13 05:30:00,348 INFO o.a.j.t.JMeterThread: Thread finished: Endurance - 300 VU sustained (no think) 1-35
2026-08-13 05:30:00,348 INFO o.a.j.t.JMeterThread: Stopping because end time detected by thread: Endurance - 300 VU sustained (no think) 1-65
2026-08-13 05:30:00,348 INFO o.a.j.t.JMeterThread: Thread finished: Endurance - 300 VU sustained (no think) 1-65
2026-08-13 05:30:00,349 INFO o.a.j.t.JMeterThread: Stopping because end time detected by thread: Endurance - 300 VU sustained (no think) 1-89
2026-08-13 05:30:00,349 INFO o.a.j.t.JMeterThread: Thread finished: Endurance - 300 VU sustained (no think) 1-89
2026-08-13 05:30:00,351 INFO o.a.j.t.JMeterThread: Stopping because end time detected by thread: Endurance - 300 VU sustained (no think) 1-189
2026-08-13 05:30:00,351 INFO o.a.j.t.JMeterThread: Thread finished: Endurance - 300 VU sustained (no think) 1-189
2026-08-13 05:30:00,351 INFO o.a.j.t.JMeterThread: Stopping because end time detected by thread: Endurance - 300 VU sustained (no think) 1-102
2026-08-13 05:30:00,351 INFO o.a.j.t.JMeterThread: Thread finished: Endurance - 300 VU sustained (no think) 1-102
2026-08-13 05:30:00,404 INFO o.a.j.t.JMeterThread: Stopping because end time detected by thread: Endurance - 300 VU sustained (no think) 1-230
2026-08-13 05:30:00,404 INFO o.a.j.t.JMeterThread: Thread finished: Endurance - 300 VU sustained (no think) 1-230
2026-08-13 05:30:00,406 INFO o.a.j.t.JMeterThread: Stopping because end time detected by thread: Endurance - 300 VU sustained (no think) 1-232
2026-08-13 05:30:00,406 INFO o.a.j.t.JMeterThread: Thread finished: Endurance - 300 VU sustained (no think) 1-232
2026-08-13 05:30:00,408 INFO o.a.j.t.JMeterThread: Stopping because end time detected by thread: Endurance - 300 VU sustained (no think) 1-258
2026-08-13 05:30:00,408 INFO o.a.j.t.JMeterThread: Thread finished: Endurance - 300 VU sustained (no think) 1-258
2026-08-13 05:30:00,411 INFO o.a.j.t.JMeterThread: Stopping because end time detected by thread: Endurance - 300 VU sustained (no think) 1-46
2026-08-13 05:30:00,411 INFO o.a.j.t.JMeterThread: Thread finished: Endurance - 300 VU sustained (no think) 1-46
2026-08-13 05:30:00,413 INFO o.a.j.t.JMeterThread: Stopping because end time detected by thread: Endurance - 300 VU sustained (no think) 1-6
2026-08-13 05:30:00,413 INFO o.a.j.t.JMeterThread: Thread finished: Endurance - 300 VU sustained (no think) 1-6
2026-08-13 05:30:00,415 INFO o.a.j.t.JMeterThread: Stopping because end time detected by thread: Endurance - 300 VU sustained (no think) 1-202
2026-08-13 05:30:00,416 INFO o.a.j.t.JMeterThread: Thread finished: Endurance - 300 VU sustained (no think) 1-202
2026-08-13 05:30:00,420 INFO o.a.j.t.JMeterThread: Stopping because end time detected by thread: Endurance - 300 VU sustained (no think) 1-57
2026-08-13 05:30:00,420 INFO o.a.j.t.JMeterThread: Thread finished: Endurance - 300 VU sustained (no think) 1-57
2026-08-13 05:30:00,423 INFO o.a.j.t.JMeterThread: Stopping because end time detected by thread: Endurance - 300 VU sustained (no think) 1-73
2026-08-13 05:30:00,423 INFO o.a.j.t.JMeterThread: Thread finished: Endurance - 300 VU sustained (no think) 1-73
2026-08-13 05:30:00,426 INFO o.a.j.t.JMeterThread: Stopping because end time detected by thread: Endurance - 300 VU sustained (no think) 1-254
2026-08-13 05:30:00,426 INFO o.a.j.t.JMeterThread: Thread finished: Endurance - 300 VU sustained (no think) 1-254
2026-08-13 05:30:00,429 INFO o.a.j.t.JMeterThread: Stopping because end time detected by thread: Endurance - 300 VU sustained (no think) 1-281
2026-08-13 05:30:00,429 INFO o.a.j.t.JMeterThread: Thread finished: Endurance - 300 VU sustained (no think) 1-281
2026-08-13 05:30:00,434 INFO o.a.j.t.JMeterThread: Stopping because end time detected by thread: Endurance - 300 VU sustained (no think) 1-271
2026-08-13 05:30:00,434 INFO o.a.j.t.JMeterThread: Thread finished: Endurance - 300 VU sustained (no think) 1-271
2026-08-13 05:30:00,437 INFO o.a.j.t.JMeterThread: Stopping because end time detected by thread: Endurance - 300 VU sustained (no think) 1-277
2026-08-13 05:30:00,437 INFO o.a.j.t.JMeterThread: Thread finished: Endurance - 300 VU sustained (no think) 1-277
2026-08-13 05:30:00,443 INFO o.a.j.t.JMeterThread: Stopping because end time detected by thread: Endurance - 300 VU sustained (no think) 1-274
2026-08-13 05:30:00,443 INFO o.a.j.t.JMeterThread: Thread finished: Endurance - 300 VU sustained (no think) 1-274
2026-08-13 05:30:00,455 INFO o.a.j.t.JMeterThread: Stopping because end time detected by thread: Endurance - 300 VU sustained (no think) 1-280
2026-08-13 05:30:00,455 INFO o.a.j.t.JMeterThread: Thread finished: Endurance - 300 VU sustained (no think) 1-280
2026-08-13 05:30:00,457 INFO o.a.j.t.JMeterThread: Stopping because end time detected by thread: Endurance - 300 VU sustained (no think) 1-283
2026-08-13 05:30:00,457 INFO o.a.j.t.JMeterThread: Thread finished: Endurance - 300 VU sustained (no think) 1-283
2026-08-13 05:30:00,480 INFO o.a.j.t.JMeterThread: Stopping because end time detected by thread: Endurance - 300 VU sustained (no think) 1-284
2026-08-13 05:30:00,480 INFO o.a.j.t.JMeterThread: Thread finished: Endurance - 300 VU sustained (no think) 1-284
2026-08-13 05:30:00,483 INFO o.a.j.t.JMeterThread: Stopping because end time detected by thread: Endurance - 300 VU sustained (no think) 1-268
2026-08-13 05:30:00,483 INFO o.a.j.t.JMeterThread: Thread finished: Endurance - 300 VU sustained (no think) 1-268
2026-08-13 05:30:00,497 INFO o.a.j.t.JMeterThread: Stopping because end time detected by thread: Endurance - 300 VU sustained (no think) 1-253
2026-08-13 05:30:00,497 INFO o.a.j.t.JMeterThread: Thread finished: Endurance - 300 VU sustained (no think) 1-253
2026-08-13 05:30:00,502 INFO o.a.j.t.JMeterThread: Stopping because end time detected by thread: Endurance - 300 VU sustained (no think) 1-269
2026-08-13 05:30:00,502 INFO o.a.j.t.JMeterThread: Thread finished: Endurance - 300 VU sustained (no think) 1-269
2026-08-13 05:30:00,504 INFO o.a.j.t.JMeterThread: Stopping because end time detected by thread: Endurance - 300 VU sustained (no think) 1-260
2026-08-13 05:30:00,504 INFO o.a.j.t.JMeterThread: Thread finished: Endurance - 300 VU sustained (no think) 1-260
2026-08-13 05:30:00,507 INFO o.a.j.t.JMeterThread: Stopping because end time detected by thread: Endurance - 300 VU sustained (no think) 1-261
2026-08-13 05:30:00,507 INFO o.a.j.t.JMeterThread: Thread finished: Endurance - 300 VU sustained (no think) 1-261
2026-08-13 05:30:00,508 INFO o.a.j.t.JMeterThread: Stopping because end time detected by thread: Endurance - 300 VU sustained (no think) 1-262
2026-08-13 05:30:00,508 INFO o.a.j.t.JMeterThread: Thread finished: Endurance - 300 VU sustained (no think) 1-262
2026-08-13 05:30:00,511 INFO o.a.j.t.JMeterThread: Stopping because end time detected by thread: Endurance - 300 VU sustained (no think) 1-286
2026-08-13 05:30:00,511 INFO o.a.j.t.JMeterThread: Thread finished: Endurance - 300 VU sustained (no think) 1-286
2026-08-13 05:30:00,513 INFO o.a.j.t.JMeterThread: Stopping because end time detected by thread: Endurance - 300 VU sustained (no think) 1-257
2026-08-13 05:30:00,513 INFO o.a.j.t.JMeterThread: Thread finished: Endurance - 300 VU sustained (no think) 1-257
2026-08-13 05:30:00,514 INFO o.a.j.t.JMeterThread: Stopping because end time detected by thread: Endurance - 300 VU sustained (no think) 1-273
2026-08-13 05:30:00,514 INFO o.a.j.t.JMeterThread: Thread finished: Endurance - 300 VU sustained (no think) 1-273
2026-08-13 05:30:00,516 INFO o.a.j.t.JMeterThread: Stopping because end time detected by thread: Endurance - 300 VU sustained (no think) 1-293
2026-08-13 05:30:00,516 INFO o.a.j.t.JMeterThread: Thread finished: Endurance - 300 VU sustained (no think) 1-293
2026-08-13 05:30:00,519 INFO o.a.j.t.JMeterThread: Stopping because end time detected by thread: Endurance - 300 VU sustained (no think) 1-266
2026-08-13 05:30:00,519 INFO o.a.j.t.JMeterThread: Thread finished: Endurance - 300 VU sustained (no think) 1-266
2026-08-13 05:30:00,521 INFO o.a.j.t.JMeterThread: Stopping because end time detected by thread: Endurance - 300 VU sustained (no think) 1-272
2026-08-13 05:30:00,521 INFO o.a.j.t.JMeterThread: Thread finished: Endurance - 300 VU sustained (no think) 1-272
2026-08-13 05:30:00,523 INFO o.a.j.t.JMeterThread: Stopping because end time detected by thread: Endurance - 300 VU sustained (no think) 1-264
2026-08-13 05:30:00,523 INFO o.a.j.t.JMeterThread: Thread finished: Endurance - 300 VU sustained (no think) 1-264
2026-08-13 05:30:00,523 INFO o.a.j.t.JMeterThread: Stopping because end time detected by thread: Endurance - 300 VU sustained (no think) 1-263
2026-08-13 05:30:00,523 INFO o.a.j.t.JMeterThread: Thread finished: Endurance - 300 VU sustained (no think) 1-263
2026-08-13 05:30:00,524 INFO o.a.j.t.JMeterThread: Stopping because end time detected by thread: Endurance - 300 VU sustained (no think) 1-267
2026-08-13 05:30:00,524 INFO o.a.j.t.JMeterThread: Thread finished: Endurance - 300 VU sustained (no think) 1-267
2026-08-13 05:30:00,524 INFO o.a.j.t.JMeterThread: Stopping because end time detected by thread: Endurance - 300 VU sustained (no think) 1-278
2026-08-13 05:30:00,525 INFO o.a.j.t.JMeterThread: Thread finished: Endurance - 300 VU sustained (no think) 1-278
2026-08-13 05:30:00,526 INFO o.a.j.t.JMeterThread: Stopping because end time detected by thread: Endurance - 300 VU sustained (no think) 1-294
2026-08-13 05:30:00,526 INFO o.a.j.t.JMeterThread: Thread finished: Endurance - 300 VU sustained (no think) 1-294
2026-08-13 05:30:00,526 INFO o.a.j.t.JMeterThread: Stopping because end time detected by thread: Endurance - 300 VU sustained (no think) 1-276
2026-08-13 05:30:00,526 INFO o.a.j.t.JMeterThread: Thread finished: Endurance - 300 VU sustained (no think) 1-276
2026-08-13 05:30:00,527 INFO o.a.j.t.JMeterThread: Stopping because end time detected by thread: Endurance - 300 VU sustained (no think) 1-291
2026-08-13 05:30:00,527 INFO o.a.j.t.JMeterThread: Thread finished: Endurance - 300 VU sustained (no think) 1-291
2026-08-13 05:30:00,527 INFO o.a.j.t.JMeterThread: Stopping because end time detected by thread: Endurance - 300 VU sustained (no think) 1-275
2026-08-13 05:30:00,527 INFO o.a.j.t.JMeterThread: Thread finished: Endurance - 300 VU sustained (no think) 1-275
2026-08-13 05:30:00,528 INFO o.a.j.t.JMeterThread: Stopping because end time detected by thread: Endurance - 300 VU sustained (no think) 1-282
2026-08-13 05:30:00,528 INFO o.a.j.t.JMeterThread: Thread finished: Endurance - 300 VU sustained (no think) 1-282
2026-08-13 05:30:00,528 INFO o.a.j.t.JMeterThread: Stopping because end time detected by thread: Endurance - 300 VU sustained (no think) 1-279
2026-08-13 05:30:00,528 INFO o.a.j.t.JMeterThread: Thread finished: Endurance - 300 VU sustained (no think) 1-279
2026-08-13 05:30:00,529 INFO o.a.j.t.JMeterThread: Stopping because end time detected by thread: Endurance - 300 VU sustained (no think) 1-285
2026-08-13 05:30:00,529 INFO o.a.j.t.JMeterThread: Thread finished: Endurance - 300 VU sustained (no think) 1-285
2026-08-13 05:30:00,550 INFO o.a.j.t.JMeterThread: Stopping because end time detected by thread: Endurance - 300 VU sustained (no think) 1-299
2026-08-13 05:30:00,550 INFO o.a.j.t.JMeterThread: Thread finished: Endurance - 300 VU sustained (no think) 1-299
2026-08-13 05:30:00,552 INFO o.a.j.t.JMeterThread: Stopping because end time detected by thread: Endurance - 300 VU sustained (no think) 1-287
2026-08-13 05:30:00,553 INFO o.a.j.t.JMeterThread: Thread finished: Endurance - 300 VU sustained (no think) 1-287
2026-08-13 05:30:00,555 INFO o.a.j.t.JMeterThread: Stopping because end time detected by thread: Endurance - 300 VU sustained (no think) 1-288
2026-08-13 05:30:00,555 INFO o.a.j.t.JMeterThread: Thread finished: Endurance - 300 VU sustained (no think) 1-288
2026-08-13 05:30:00,555 INFO o.a.j.t.JMeterThread: Stopping because end time detected by thread: Endurance - 300 VU sustained (no think) 1-300
2026-08-13 05:30:00,555 INFO o.a.j.t.JMeterThread: Thread finished: Endurance - 300 VU sustained (no think) 1-300
2026-08-13 05:30:00,559 INFO o.a.j.t.JMeterThread: Stopping because end time detected by thread: Endurance - 300 VU sustained (no think) 1-289
2026-08-13 05:30:00,559 INFO o.a.j.t.JMeterThread: Thread finished: Endurance - 300 VU sustained (no think) 1-289
2026-08-13 05:30:00,561 INFO o.a.j.t.JMeterThread: Stopping because end time detected by thread: Endurance - 300 VU sustained (no think) 1-295
2026-08-13 05:30:00,561 INFO o.a.j.t.JMeterThread: Thread finished: Endurance - 300 VU sustained (no think) 1-295
2026-08-13 05:30:00,563 INFO o.a.j.t.JMeterThread: Stopping because end time detected by thread: Endurance - 300 VU sustained (no think) 1-290
2026-08-13 05:30:00,564 INFO o.a.j.t.JMeterThread: Thread finished: Endurance - 300 VU sustained (no think) 1-290
2026-08-13 05:30:00,566 INFO o.a.j.t.JMeterThread: Stopping because end time detected by thread: Endurance - 300 VU sustained (no think) 1-298
2026-08-13 05:30:00,566 INFO o.a.j.t.JMeterThread: Thread finished: Endurance - 300 VU sustained (no think) 1-298
2026-08-13 05:30:00,567 INFO o.a.j.t.JMeterThread: Stopping because end time detected by thread: Endurance - 300 VU sustained (no think) 1-292
2026-08-13 05:30:00,567 INFO o.a.j.t.JMeterThread: Thread finished: Endurance - 300 VU sustained (no think) 1-292
2026-08-13 05:30:00,567 INFO o.a.j.t.JMeterThread: Stopping because end time detected by thread: Endurance - 300 VU sustained (no think) 1-296
2026-08-13 05:30:00,567 INFO o.a.j.t.JMeterThread: Thread finished: Endurance - 300 VU sustained (no think) 1-296
2026-08-13 05:30:00,568 INFO o.a.j.t.JMeterThread: Stopping because end time detected by thread: Endurance - 300 VU sustained (no think) 1-297
2026-08-13 05:30:00,568 INFO o.a.j.t.JMeterThread: Thread finished: Endurance - 300 VU sustained (no think) 1-297
2026-08-13 05:30:00,574 INFO o.a.j.e.StandardJMeterEngine: Notifying test listeners of end of test
2026-08-13 05:30:00,574 INFO o.a.j.s.FileServer: Close: ../data/products.csv
2026-08-13 05:30:00,574 INFO o.a.j.s.FileServer: Close: ../data/users.csv
2026-08-13 05:30:00,580 INFO o.a.j.r.Summariser: summary +    324 in 00:00:01 =  558.6/s Avg:  1205 Min:    21 Max:  1788 Err:     0 (0.00%) Active: 0 Started: 300 Finished: 300
2026-08-13 05:30:00,580 INFO o.a.j.r.Summariser: summary = 206816 in 00:12:01 =  286.8/s Avg:  1001 Min:     2 Max:  4229 Err:     0 (0.00%)
2026-08-13 05:30:00,581 INFO o.a.j.JMeter: Generating Dashboard
2026-08-13 05:30:00,581 INFO o.a.j.r.d.ReportGenerator: Flushing result collector before report Generation
2026-08-13 05:30:00,601 INFO o.a.j.r.p.NormalizerSampleConsumer: Using format, 'ms', to parse timeStamp field
2026-08-13 05:30:07,941 INFO o.a.j.r.p.AbstractSampleConsumer: class org.apache.jmeter.report.processor.AggregateConsumer#stopProducing(): beginDate produced 0 samples
2026-08-13 05:30:07,941 INFO o.a.j.r.p.AbstractSampleConsumer: class org.apache.jmeter.report.processor.AggregateConsumer#stopProducing(): endDate produced 0 samples
2026-08-13 05:30:07,945 INFO o.a.j.r.p.AbstractSampleConsumer: class org.apache.jmeter.report.processor.ApdexSummaryConsumer#stopProducing(): apdexSummary produced 0 samples
2026-08-13 05:30:07,945 INFO o.a.j.r.p.AbstractSampleConsumer: class org.apache.jmeter.report.processor.RequestsSummaryConsumer#stopProducing(): requestsSummary produced 0 samples
2026-08-13 05:30:07,984 INFO o.a.j.r.p.AbstractSampleConsumer: class org.apache.jmeter.report.processor.StatisticsSummaryConsumer#stopProducing(): statisticsSummary produced 0 samples
2026-08-13 05:30:07,988 INFO o.a.j.r.p.AbstractSampleConsumer: class org.apache.jmeter.report.processor.Top5ErrorsBySamplerConsumer#stopProducing(): top5ErrorsBySampler produced 0 samples
2026-08-13 05:30:07,989 INFO o.a.j.r.p.AbstractSampleConsumer: class org.apache.jmeter.report.processor.ErrorsSummaryConsumer#stopProducing(): errorsSummary produced 0 samples
2026-08-13 05:30:07,989 INFO o.a.j.r.p.AbstractSampleConsumer: class org.apache.jmeter.report.processor.graph.impl.HitsPerSecondGraphConsumer#stopProducing(): hitsPerSecond produced 0 samples
2026-08-13 05:30:11,053 INFO o.a.j.r.p.AbstractSampleConsumer: class org.apache.jmeter.report.processor.graph.impl.LatencyVSRequestGraphConsumer#stopProducing(): latencyVsRequest produced 0 samples
2026-08-13 05:30:11,066 INFO o.a.j.r.p.AbstractSampleConsumer: class org.apache.jmeter.report.processor.graph.impl.SyntheticResponseTimeDistributionGraphConsumer#stopProducing(): syntheticResponseTimeDistribution produced 0 samples
2026-08-13 05:30:11,066 INFO o.a.j.r.p.AbstractSampleConsumer: class org.apache.jmeter.report.processor.graph.impl.BytesThroughputGraphConsumer#stopProducing(): bytesThroughputOverTime produced 0 samples
2026-08-13 05:30:11,067 INFO o.a.j.r.p.AbstractSampleConsumer: class org.apache.jmeter.report.processor.graph.impl.CodesPerSecondGraphConsumer#stopProducing(): codesPerSecond produced 0 samples
2026-08-13 05:30:14,014 INFO o.a.j.r.p.AbstractSampleConsumer: class org.apache.jmeter.report.processor.graph.impl.ResponseTimeVSRequestGraphConsumer#stopProducing(): responseTimeVsRequest produced 0 samples
2026-08-13 05:30:14,018 INFO o.a.j.r.p.AbstractSampleConsumer: class org.apache.jmeter.report.processor.FilterConsumer#stopProducing(): startIntervalControlerFilter produced 1447712 samples
2026-08-13 05:30:14,018 INFO o.a.j.r.p.AbstractSampleConsumer: class org.apache.jmeter.report.processor.graph.impl.TotalTPSGraphConsumer#stopProducing(): totalTPS produced 0 samples
2026-08-13 05:30:14,019 INFO o.a.j.r.p.AbstractSampleConsumer: class org.apache.jmeter.report.processor.graph.impl.ActiveThreadsGraphConsumer#stopProducing(): activeThreadsOverTime produced 0 samples
2026-08-13 05:30:14,019 INFO o.a.j.r.p.AbstractSampleConsumer: class org.apache.jmeter.report.processor.graph.impl.TimeVSThreadGraphConsumer#stopProducing(): timeVsThreads produced 0 samples
2026-08-13 05:30:14,020 INFO o.a.j.r.p.AbstractSampleConsumer: class org.apache.jmeter.report.processor.graph.impl.ResponseTimeDistributionGraphConsumer#stopProducing(): responseTimeDistribution produced 0 samples
2026-08-13 05:30:14,021 INFO o.a.j.r.p.AbstractSampleConsumer: class org.apache.jmeter.report.processor.graph.impl.TransactionsPerSecondGraphConsumer#stopProducing(): transactionsPerSecond produced 0 samples
2026-08-13 05:30:14,021 INFO o.a.j.r.p.AbstractSampleConsumer: class org.apache.jmeter.report.processor.graph.impl.ResponseTimePercentilesGraphConsumer#stopProducing(): responseTimePercentiles produced 0 samples
2026-08-13 05:30:14,039 INFO o.a.j.r.p.AbstractSampleConsumer: class org.apache.jmeter.report.processor.graph.impl.ResponseTimePercentilesOverTimeGraphConsumer#stopProducing(): responseTimePercentilesOverTime produced 0 samples
2026-08-13 05:30:14,050 INFO o.a.j.r.p.AbstractSampleConsumer: class org.apache.jmeter.report.processor.graph.impl.ResponseTimeOverTimeGraphConsumer#stopProducing(): responseTimesOverTime produced 0 samples
2026-08-13 05:30:14,050 INFO o.a.j.r.p.AbstractSampleConsumer: class org.apache.jmeter.report.processor.graph.impl.ConnectTimeOverTimeGraphConsumer#stopProducing(): connectTimeOverTime produced 0 samples
2026-08-13 05:30:14,050 INFO o.a.j.r.p.AbstractSampleConsumer: class org.apache.jmeter.report.processor.graph.impl.LatencyOverTimeGraphConsumer#stopProducing(): latenciesOverTime produced 0 samples
2026-08-13 05:30:14,050 INFO o.a.j.r.p.AbstractSampleConsumer: class org.apache.jmeter.report.processor.FilterConsumer#stopProducing(): nameFilter produced 3102240 samples
2026-08-13 05:30:14,050 INFO o.a.j.r.p.AbstractSampleConsumer: class org.apache.jmeter.report.processor.FilterConsumer#stopProducing(): dateRangeFilter produced 620448 samples
2026-08-13 05:30:14,050 INFO o.a.j.r.p.AbstractSampleConsumer: class org.apache.jmeter.report.processor.NormalizerSampleConsumer#stopProducing(): normalizer produced 206816 samples
2026-08-13 05:30:14,051 INFO o.a.j.r.p.CsvFileSampleSource: produce(): 206816 samples produced in 13s 407 ms on channel 0
2026-08-13 05:30:14,051 INFO o.a.j.r.d.ReportGenerator: Exporting data using exporter:'json' of className:'org.apache.jmeter.report.dashboard.JsonExporter'
2026-08-13 05:30:14,179 INFO o.a.j.r.d.JsonExporter: Found data for consumer statisticsSummary in context
2026-08-13 05:30:14,179 INFO o.a.j.r.d.JsonExporter: Creating statistics for overall
2026-08-13 05:30:14,180 INFO o.a.j.r.d.JsonExporter: Creating statistics for other transactions
2026-08-13 05:30:14,180 INFO o.a.j.r.d.JsonExporter: Checking output folder
2026-08-13 05:30:14,181 INFO o.a.j.r.d.JsonExporter: Writing statistics JSON to C:\Users\dn156\source\software-testing\software-testing\hw\hw5\results\endurance\html\statistics.json
2026-08-13 05:30:14,260 INFO o.a.j.r.d.ReportGenerator: Exporting data using exporter:'html' of className:'org.apache.jmeter.report.dashboard.HtmlTemplateExporter'
2026-08-13 05:30:14,268 INFO o.a.j.r.d.HtmlTemplateExporter: Will generate dashboard in folder: C:\Users\dn156\source\software-testing\software-testing\hw\hw5\results\endurance\html
2026-08-13 05:30:14,517 INFO o.a.j.r.d.HtmlTemplateExporter: Report will be generated in: C:\Users\dn156\source\software-testing\software-testing\hw\hw5\results\endurance\html, creating folder structure
2026-08-13 05:30:14,521 INFO o.a.j.r.d.TemplateVisitor: Copying folder from 'C:\Users\dn156\tools\apache-jmeter-5.6.3\bin\report-template' to 'C:\Users\dn156\source\software-testing\software-testing\hw\hw5\results\endurance\html', got message: C:\Users\dn156\source\software-testing\software-testing\hw\hw5\results\endurance\html, found non empty folder with following content [C:\Users\dn156\source\software-testing\software-testing\hw\hw5\results\endurance\html\statistics.json], will be ignored
2026-08-13 05:30:15,166 INFO o.a.j.JMeter: Dashboard generated
